Frequency (Hz),Magnitude (dB),Phase (°)
5.0,47.163577383,-157.88549679
5.376197,48.6972917,-167.73090566
5.780698,50.128260874,-177.67935609
6.215634,51.299874482,173.12136329
6.683295,52.384608628,163.81232248
7.186141,53.405274753,154.17396923
7.726822,54.253749469,145.38773187
8.308183,55.038975199,136.46974125
8.933285,55.701486565,128.11515811
9.60542,56.295513464,120.1829657
10.328125,56.810022447,112.4844582
11.105207,57.254092156,105.50459227
11.940755,57.65708975,98.769355953
12.83917,58.026274732,92.221094051
13.805181,58.324613376,86.37130608
14.843874,58.592911524,80.625873424
15.960717,58.822410572,75.400794596
17.161591,59.036168862,70.340034155
18.452818,59.210482612,65.770034486
19.841196,59.372474756,61.175029426
21.334035,59.518519483,57.183944933
22.939194,59.65016354,53.370058441
24.665124,59.752303506,49.781126868
26.520912,59.851598399,46.444325919
28.516328,59.925853274,43.250404132
30.661878,60.007360872,40.247279844
32.968858,60.070718731,37.550505459
35.449413,60.118070873,35.056778078
38.116604,60.180874443,32.617649003
40.984473,60.212092612,30.360660951
44.068118,60.285484722,28.261782052
47.383775,60.262142752,26.332701863
50.948899,60.362230911,24.168315857
54.782261,60.317257637,22.678327974
58.904043,60.399645966,21.022537688
63.335945,60.36438219,19.427111041
68.1013,60.435950569,18.632623216
73.225198,60.448762423,17.338990072
78.734614,60.446764213,15.731912273
84.658555,60.463100935,15.156334686
91.02821,60.453637791,13.904890355
97.877114,60.50536545,12.919526225
105.241324,60.44900069,11.842748141
113.159613,60.474690668,11.007541665
121.673669,60.480006114,10.213680261
130.828317,60.497044943,9.7138407629
140.671754,60.498334027,8.9746298232
151.255806,60.495372908,8.4296855845
162.636194,60.512673282,7.9379890964
174.872836,60.497105449,7.2623310174
188.030155,60.503046789,6.8100792672
202.177421,60.518019549,6.2542280562
217.389119,60.55087957,5.8924845049
233.745336,60.49522187,5.4969049329
251.332183,60.50115372,4.904247974
270.242253,60.526259645,4.6086462098
290.575105,60.544723391,4.399060803
312.437787,60.533414121,4.1701252949
335.945403,60.528353471,4.0005804942
361.221717,60.549180398,3.4137147454
388.399805,60.544454901,3.1775059682
417.622754,60.540775417,2.9984966088
449.044419,60.5233935,2.8446567877
482.830229,60.528353688,2.5463523834
519.158062,60.536148586,2.4976703199
558.219178,60.524165362,2.2558471719
600.219227,60.534966627,2.173333729
645.379332,60.523675193,1.9433420278
693.937253,60.533100645,1.9237632993
746.148642,60.532469264,1.665652122
802.288381,60.533080604,1.5351422328
862.652038,60.54487614,1.4576717587
927.557418,60.526175245,1.2784420338
997.346235,60.539732997,1.2196815063
1072.385919,60.54735601,1.1852411825
1153.071539,60.53711141,1.0343160155
1239.827893,60.525197845,0.94137008674
1333.111739,60.539205003,0.95404105458
1433.414201,60.537330881,0.79303149221
1541.263354,60.531743107,0.80037406944
1657.227009,60.533502071,0.63607776639
1781.915693,60.544883607,0.62046851253
1915.985873,60.548908728,0.55756581375
2060.143406,60.538496532,0.55401859559
2215.147258,60.532606178,0.42229063366
2381.8135,60.535095048,0.41445703541
2561.019601,60.523019757,0.30834139717
2753.709054,60.53362077,0.33362390178
2960.896335,60.524673216,0.30137266967
3183.672253,60.553801397,0.25892209659
3423.209687,60.523885093,0.27441023115
3680.769761,60.542403931,0.14460633457
3957.708488,60.545746483,-0.0022685553824
4255.483905,60.55976124,0.078899839775
4575.663752,60.544979578,0.13119052411
4919.933722,60.535694008,-0.30999128524
5290.106341,60.544723502,-0.068291535363
5688.130508,60.539815454,0.10254626998
6116.101754,60.564262522,-0.17084408197
6576.27328,60.561149373,0.11196076406
7071.067812,60.559676903,-0.0050723233938
7603.090363,60.537952331,-0.11903766953
8175.141946,60.548125072,-0.09064459846
8790.234319,60.531646019,-0.03890736095
9451.605842,60.541293274,-0.3068495288
10162.73853,60.536057237,-0.19980713127
10927.376379,60.583580896,-0.28103606553
11749.545084,60.557922419,-0.30268298668
12633.573228,60.523548013,-0.44778634167
13584.115076,60.541614929,-0.47299004735
14606.175075,60.553682167,-0.62851442461
15705.134205,60.561351458,-0.56505679608
16886.778307,60.551461879,-0.57067742115
18157.328544,60.544159379,-1.0081930748
19523.474155,60.54583465,-1.0907457842
20992.407676,60.568081091,-0.74276263427
22571.862801,60.543172366,-1.0755514763
24270.155104,60.552464114,-1.1056290374
26096.225818,60.555187632,-1.1863755385
28059.688906,60.552292913,-1.1515829625
30170.881683,60.568904686,-1.3175632325
32440.919233,60.575502377,-1.6168326664
34881.752935,60.62326957,-1.6787167775
37506.233381,60.570977727,-1.6720321084
40328.178031,60.543940905,-1.8385960731
43362.443964,60.600032275,-1.8563132521
46625.006097,60.537889596,-2.0295433733
50133.041286,60.538246369,-2.1473023143
53905.018765,60.580546973,-2.2351469759
57960.797381,60.5334659,-2.5321110334
62321.730148,60.558323815,-3.038621633
67010.776664,60.567338534,-3.2229202036
72052.623996,60.599183092,-3.2649591808
77473.816648,60.582976142,-3.6898173652
83302.896316,60.576866401,-4.0403344912
89570.552153,60.516291564,-4.054490123
96309.782347,60.562212331,-4.5688398076
103556.06785,60.556599309,-4.7661846306
111347.55916,60.542956937,-5.1267433961
119725.27722,60.590120418,-5.6485029681
128733.32936,60.53993428,-6.0992780188
138419.14148,60.559473256,-6.5176477973
148833.70782,60.603116539,-6.976301589
160031.85937,60.558666043,-7.4576416582
172072.55258,60.594935464,-8.0072366632
185019.17972,60.567053011,-8.6600307991
198939.90269,60.580708106,-9.6555545747
213908.01181,60.552213848,-10.31390656
230002.31175,60.545451112,-11.041875573
247307.53637,60.575099186,-11.977365376
265914.79485,60.60281317,-12.827222917
285922.05138,60.564887719,-13.825063453
307434.6409,60.587776545,-14.8632155
330565.82369,60.570060715,-15.986410118
355437.38166,60.557715381,-17.297581546
382180.2595,60.573746978,-18.511243177
410935.25411,60.617369325,-20.094546327
441853.75584,60.609093991,-21.787489079
475098.54558,60.547036163,-23.046581083
510844.65171,60.539354285,-24.938778978
549280.27165,60.548419788,-26.873045533
590607.76269,60.539306155,-28.8939161
635044.70733,60.509844532,-31.369872797
682825.05883,60.50624005,-33.794411049
734200.37296,60.489304845,-36.402913119
789441.13237,60.423956437,-39.361713401
848838.17065,60.430201292,-42.413369245
912704.20354,60.369309867,-45.715431189
981375.47527,60.310888717,-49.300830471
1055213.5289,60.255000119,-53.347317057
1134607.1098,60.156924763,-57.513465375
1219974.2121,60.066068718,-62.171006168
1311764.2798,59.948308107,-66.999308485
1410460.5726,59.773909421,-72.520631373
1516582.7104,59.535554054,-78.020886876
1630689.409,59.299827144,-84.190140419
1753381.4214,58.964689528,-90.573183528
1885304.7013,58.624279793,-97.630986673
2027153.803,58.14376657,-104.63909426
2179675.5391,57.613545214,-112.43333035
2343672.9116,56.98274803,-120.28639278
2520009.3399,56.23711985,-128.30809945
2709613.2066,55.426193066,-136.03582003
2913482.7452,54.49038483,-144.29397246
3132691.2955,53.528102272,-152.30668988
3368392.9548,52.416382096,-160.5272311
3621828.6539,51.24582283,-168.19506398
3894332.6905,50.036522306,-175.7680804
4187339.7539,48.667272253,176.76182448
4502392.4785,47.323178639,168.94533376
4841149.5655,45.914066365,162.01796065
5205394.5159,44.46874679,155.0647564
5597045.0199,43.023126079,148.25046233
6018163.0535,41.481421788,141.57894817
6470965.7346,39.96668141,135.05482741
6957836.9955,38.40691476,128.49875486
7481340.1339,36.782860607,122.01193479
8044231.3086,35.254683171,115.60646394
8649474.0498,33.663867313,109.00724685
9300254.862,32.063098089,102.03279467
10000000.0,30.463430097,95.444939252
5.0,47.424130725,-160.39910891
5.376197,48.908501366,-169.91899864
5.780698,50.269790029,-179.81168755
6.215634,51.441001297,171.16959081
6.683295,52.483742578,161.95053138
7.186141,53.474679173,152.29651218
7.726822,54.294264753,143.73806418
8.308183,55.073754529,135.04665576
8.933285,55.741943862,126.63769197
9.60542,56.303480205,119.00789995
10.328125,56.818527547,111.43801642
11.105207,57.257291286,104.46305924
11.940755,57.667392668,97.645815198
12.83917,58.020304195,91.446960936
13.805181,58.299726392,85.603115889
14.843874,58.562074285,80.015832279
15.960717,58.830784954,74.787116013
17.161591,59.015542127,69.850531786
18.452818,59.20083032,65.159012936
19.841196,59.380580337,60.826118224
21.334035,59.523155343,56.781527417
22.939194,59.630318591,52.984427906
24.665124,59.733098961,49.409903964
26.520912,59.831722457,46.106510168
28.516328,59.917185116,42.840297366
30.661878,59.99858753,39.908668293
32.968858,60.057478167,37.353118674
35.449413,60.126621626,34.718963931
38.116604,60.193880782,32.413735908
40.984473,60.232763171,29.991260091
44.068118,60.278682855,28.347046315
47.383775,60.327433597,26.058645949
50.948899,60.345826534,24.574457329
54.782261,60.413401982,22.673781266
58.904043,60.367508867,21.555824785
63.335945,60.439218698,19.879441504
68.1013,60.329505155,18.255604618
73.225198,60.377453693,16.933615267
78.734614,60.434882739,16.119427659
84.658555,60.41619544,14.67984431
91.02821,60.45075739,13.544726325
97.877114,60.455465789,12.939423581
105.241324,60.481230087,11.771034619
113.159613,60.481551194,11.231744678
121.673669,60.478547028,10.278487464
130.828317,60.498974992,9.5337532387
140.671754,60.500026905,8.8555592469
151.255806,60.489526492,8.5496323961
162.636194,60.514056404,7.8128729291
174.872836,60.492244735,7.3401170589
188.030155,60.505960103,6.7857567172
202.177421,60.527568743,6.1829431518
217.389119,60.521637301,5.7106758147
233.745336,60.489535711,5.1826854675
251.332183,60.555835959,5.0085309899
270.242253,60.535732633,4.710760514
290.575105,60.509638253,4.261483321
312.437787,60.506953274,3.8774491715
335.945403,60.518201695,3.5761192677
361.221717,60.538007826,3.3671260415
388.399805,60.53953129,3.3289240916
417.622754,60.5172131,2.9222777654
449.044419,60.524610103,2.7151412549
482.830229,60.524640204,2.5039891786
519.158062,60.50818836,2.3457715757
558.219178,60.538437233,2.1675415014
600.219227,60.536971509,1.9408422799
645.379332,60.532982215,1.7676066395
693.937253,60.540072802,1.7098275866
746.148642,60.529625644,1.5668363128
802.288381,60.529995175,1.4632455216
862.652038,60.524457906,1.2761812473
927.557418,60.539864018,1.2918626369
997.346235,60.536789435,1.0889613528
1072.385919,60.53345196,0.9067339784
1153.071539,60.523327744,0.76472653917
1239.827893,60.548867302,0.69306533388
1333.111739,60.537045613,0.68352665578
1433.414201,60.516392241,0.49181234771
1541.263354,60.532853766,0.4820915119
1657.227009,60.535524538,0.40224217405
1781.915693,60.546033182,0.28370928682
1915.985873,60.526375245,0.20716775192
2060.143406,60.519226383,0.057285456121
2215.147258,60.524782402,0.082280227224
2381.8135,60.529300327,-0.033733239546
2561.019601,60.522738202,-0.182434632
2753.709054,60.534204482,-0.20755526326
2960.896335,60.512745793,-0.30899483946
3183.672253,60.53698214,-0.40668868882
3423.209687,60.53593064,-0.42741101885
3680.769761,60.561846037,-0.51974420229
3957.708488,60.535090018,-0.50868533429
4255.483905,60.543398854,-0.7973375309
4575.663752,60.569436103,-0.85665211492
4919.933722,60.519392108,-0.9259525369
5290.106341,60.573360081,-1.0837992676
5688.130508,60.532925841,-0.99048657018
6116.101754,60.556082481,-1.1186184157
6576.27328,60.545172769,-1.4607721206
7071.067812,60.519304427,-1.4234430115
7603.090363,60.557645713,-1.5317638415
8175.141946,60.523131058,-1.5554818967
8790.234319,60.54517873,-1.8056767585
9451.605842,60.577536242,-1.9310682949
10162.73853,60.512407752,-2.2540071714
10927.376379,60.544629984,-2.4769245228
11749.545084,60.562473396,-2.5981504218
12633.573228,60.533257609,-2.7132043878
13584.115076,60.560986181,-3.0806493216
14606.175075,60.552903989,-3.317781974
15705.134205,60.545704719,-3.6199275357
16886.778307,60.545624836,-3.9676395747
18157.328544,60.535425028,-4.0679430181
19523.474155,60.571587517,-4.4475121263
20992.407676,60.569066105,-4.7934156022
22571.862801,60.579567532,-5.175896144
24270.155104,60.594797367,-5.6831910291
26096.225818,60.510843242,-6.0240749736
28059.688906,60.561185421,-6.6603436224
30170.881683,60.525756745,-7.0011101368
32440.919233,60.584535945,-7.5217783817
34881.752935,60.60772592,-8.1116605773
37506.233381,60.588612003,-8.6954281855
40328.178031,60.573901226,-9.5729420685
43362.443964,60.583556917,-10.280649869
46625.006097,60.566726403,-10.974704033
50133.041286,60.538659597,-11.574291063
53905.018765,60.565672899,-12.798517117
57960.797381,60.5817647,-13.322825957
62321.730148,60.556849069,-14.573588393
67010.776664,60.566663664,-15.6283172
72052.623996,60.561181953,-17.130783742
77473.816648,60.578058411,-17.899728771
83302.896316,60.565139072,-19.801665247
89570.552153,60.589176069,-21.321623646
96309.782347,60.577308866,-22.778679595
103556.06785,60.577107099,-24.53580657
111347.55916,60.53783378,-26.470982889
119725.27722,60.570262815,-28.43575215
128733.32936,60.582637617,-30.510947515
138419.14148,60.600474095,-32.862881627
148833.70782,60.603588446,-34.95766513
160031.85937,60.601249602,-37.759387894
172072.55258,60.625897495,-40.734603717
185019.17972,60.538294885,-44.395198219
198939.90269,60.628451193,-47.419705257
213908.01181,60.605027768,-50.707289433
230002.31175,60.622020611,-54.779226938
247307.53637,60.613623486,-59.433084934
265914.79485,60.673794356,-63.939145622
285922.05138,60.679107922,-68.903588891
307434.6409,60.669153328,-74.375016903
330565.82369,60.65736325,-80.297479011
355437.38166,60.673791552,-86.805999347
382180.2595,60.647304264,-93.820548585
410935.25411,60.685650072,-101.41244203
441853.75584,60.679555324,-109.95052684
475098.54558,60.673006222,-119.61886435
510844.65171,60.602347703,-130.17897696
549280.27165,60.504235383,-141.47395935
590607.76269,60.284536645,-154.80003474
635044.70733,59.9942372,-169.45647429
682825.05883,59.455390685,174.50395726
734200.37296,58.673844476,156.79875872
789441.13237,57.506486955,138.71653805
848838.17065,55.951567942,120.55441738
912704.20354,54.160464602,102.7626377
981375.47527,51.988120066,85.652880451
1055213.5289,49.665260109,69.810542072
1134607.1098,47.225811722,54.761380499
1219974.2121,44.701528597,40.870077484
1311764.2798,42.112818791,27.259718427
1410460.5726,39.450782229,14.250400785
1516582.7104,36.717270631,1.5781602705
1630689.409,33.93367874,-10.911350233
1753381.4214,31.096616011,-22.952175545
1885304.7013,28.187484533,-35.368910636
2027153.803,25.198450302,-47.243611978
2179675.5391,22.115471074,-59.843482249
2343672.9116,18.930101918,-70.718143098
2520009.3399,15.635574039,-82.791941405
2709613.2066,12.421591314,-92.933465841
2913482.7452,8.7491715859,-106.60736352
3132691.2955,5.397815401,-118.9447602
3368392.9548,1.6662015043,-128.5031232
3621828.6539,-3.0371325026,-141.02129067
3894332.6905,-4.296310343,-151.62727758
4187339.7539,-8.6046612614,-154.82603012
4502392.4785,-16.946981415,152.25473038
4841149.5655,-25.816234867,164.26219435
5205394.5159,-23.417296585,128.91099218
5597045.0199,-32.027883808,58.065505233
6018163.0535,-23.5041062,147.3850291
6470965.7346,-21.173221028,160.02666671
6957836.9955,-21.142182289,56.52544904
7481340.1339,-24.117419057,140.80927189
8044231.3086,-27.196450276,-44.134898941
8649474.0498,-24.385536409,-83.590892627
9300254.862,-32.658396495,106.40810562
10000000.0,-55.735742614,92.327922075
5.0,47.413473839,-160.41869058
5.376197,48.913311167,-169.88412119
5.780698,50.273399076,-179.75823847
6.215634,51.426894537,171.16647725
6.683295,52.48080819,161.96792872
7.186141,53.481639121,152.40802212
7.726822,54.309676507,143.78839415
8.308183,55.057096764,134.92242376
8.933285,55.727179293,126.69415683
9.60542,56.316225883,118.99378749
10.328125,56.82010263,111.46022917
11.105207,57.245002139,104.45978384
11.940755,57.655204781,97.74488726
12.83917,58.002278386,91.413760574
13.805181,58.310828659,85.60318729
14.843874,58.571987099,79.904361866
15.960717,58.82420755,74.799149607
17.161591,59.016154992,69.896684745
18.452818,59.221995299,65.199660321
19.841196,59.372022012,60.964621726
21.334035,59.51639796,56.674612493
22.939194,59.619568991,53.033868537
24.665124,59.743873854,49.431417113
26.520912,59.823588082,46.09275643
28.516328,59.929622834,42.901828635
30.661878,59.999838206,39.928331674
32.968858,60.05678974,37.374691874
35.449413,60.117865048,34.687531079
38.116604,60.148033414,32.299372899
40.984473,60.199652884,30.029157809
44.068118,60.285675802,27.96255861
47.383775,60.299300153,26.010852056
50.948899,60.373120391,24.500735327
54.782261,60.361827824,22.314447444
58.904043,60.418637534,21.234835598
63.335945,60.4383458,19.589701612
68.1013,60.365807465,18.441652014
73.225198,60.385074845,17.123460683
78.734614,60.452094158,15.950270795
84.658555,60.412070167,14.689726763
91.02821,60.419932806,13.536411997
97.877114,60.458331833,12.901928818
105.241324,60.460978565,11.560014644
113.159613,60.485340152,11.088207823
121.673669,60.477601137,10.247242053
130.828317,60.498493828,9.6195837218
140.671754,60.489099373,8.9573176035
151.255806,60.480324857,8.0062574529
162.636194,60.496872266,7.6498686018
174.872836,60.499068816,6.8704581701
188.030155,60.484842963,6.3116507054
202.177421,60.534251777,6.1695125378
217.389119,60.479385327,5.6522041473
233.745336,60.525122441,5.1392589953
251.332183,60.535385382,4.6671505666
270.242253,60.53777224,4.2639176392
290.575105,60.513783335,4.0688093962
312.437787,60.527481766,3.7901679026
335.945403,60.541767038,3.3964082681
361.221717,60.524157819,3.0604310242
388.399805,60.542020934,2.7874343342
417.622754,60.539600082,2.54868317
449.044419,60.512789972,2.2671652564
482.830229,60.51709546,2.0420710623
519.158062,60.542092583,1.7650740702
558.219178,60.508777428,1.5469034036
600.219227,60.52327254,1.3164111297
645.379332,60.537799292,1.1323942798
693.937253,60.526443758,1.0584966617
746.148642,60.526160055,0.76789178629
802.288381,60.541403621,0.62343690732
862.652038,60.524939556,0.32542862719
927.557418,60.515311559,0.31756288626
997.346235,60.549403184,-0.061277610665
1072.385919,60.526547711,-0.13381322622
1153.071539,60.536336162,-0.36476674316
1239.827893,60.526535079,-0.62038004832
1333.111739,60.524866233,-0.73435529957
1433.414201,60.538733009,-0.85288113531
1541.263354,60.534104634,-0.96190836922
1657.227009,60.52371037,-1.1598081579
1781.915693,60.536854537,-1.3496843352
1915.985873,60.53209325,-1.7074841882
2060.143406,60.53828317,-1.8142211902
2215.147258,60.532254289,-2.0730468919
2381.8135,60.538753276,-2.248744246
2561.019601,60.522949942,-2.6797293013
2753.709054,60.518347693,-2.804180836
2960.896335,60.514891702,-3.0968785879
3183.672253,60.508876819,-3.5550572285
3423.209687,60.549482514,-3.7424298511
3680.769761,60.533409286,-4.0062183327
3957.708488,60.53634132,-4.3848155787
4255.483905,60.559671246,-4.6470793949
4575.663752,60.522558939,-5.2038715548
4919.933722,60.536651104,-5.8558046778
5290.106341,60.554116433,-6.1247221901
5688.130508,60.558572882,-6.6480405328
6116.101754,60.535954442,-7.0237755927
6576.27328,60.555853415,-7.7403626653
7071.067812,60.55210454,-8.438472694
7603.090363,60.528320281,-8.9250415101
8175.141946,60.52774812,-9.6507467023
8790.234319,60.591574584,-10.511325713
9451.605842,60.499900196,-10.939123314
10162.73853,60.531836766,-12.195069937
10927.376379,60.548822008,-13.450673466
11749.545084,60.521415376,-14.329608771
12633.573228,60.515977779,-15.078488971
13584.115076,60.575800244,-16.290613824
14606.175075,60.526096776,-17.588520747
15705.134205,60.566080979,-18.677481077
16886.778307,60.560867313,-20.077337049
18157.328544,60.557051897,-21.836516701
19523.474155,60.521081329,-23.546176812
20992.407676,60.589197116,-25.068603567
22571.862801,60.547103638,-27.061206722
24270.155104,60.549543049,-29.204493695
26096.225818,60.515286573,-31.722231597
28059.688906,60.527323201,-33.995011369
30170.881683,60.498721037,-36.908999084
32440.919233,60.520512287,-39.598039157
34881.752935,60.547220825,-42.689563543
37506.233381,60.514069092,-46.189795495
40328.178031,60.476937413,-49.800103416
43362.443964,60.456793064,-54.045275479
46625.006097,60.472768646,-58.155935367
50133.041286,60.389767654,-63.000872563
53905.018765,60.38234314,-68.230248096
57960.797381,60.319542367,-74.034108165
62321.730148,60.174126216,-80.353558478
67010.776664,60.053911874,-87.663791756
72052.623996,59.851149036,-95.385776816
77473.816648,59.519511631,-104.22714287
83302.896316,59.131296155,-113.51292474
89570.552153,58.59725924,-123.52745996
96309.782347,57.813783598,-133.66988192
103556.06785,56.857665769,-144.18798281
111347.55916,55.749891975,-154.71289838
119725.27722,54.392565712,-164.27346057
128733.32936,52.953394967,-173.85472985
138419.14148,51.360552715,177.33440636
148833.70782,49.677327357,169.07412267
160031.85937,48.01454343,161.90303759
172072.55258,46.18140584,155.18043552
185019.17972,44.405271383,148.97305405
198939.90269,42.561808725,143.1372194
213908.01181,40.703700282,137.56778694
230002.31175,38.89932305,132.73326675
247307.53637,37.042335199,127.6438761
265914.79485,35.148150851,123.48961374
285922.05138,33.287777407,119.30870371
307434.6409,31.40212058,115.38317273
330565.82369,29.537251956,111.32592689
355437.38166,27.67471434,107.28943367
382180.2595,25.757804442,103.71860529
410935.25411,23.918412699,100.21205225
441853.75584,22.044738722,96.512060922
475098.54558,20.152798975,93.163093937
510844.65171,18.259107833,90.036429851
549280.27165,16.397977858,85.029332047
590607.76269,14.454756546,82.651208835
635044.70733,12.663781831,78.037371289
682825.05883,10.698856133,73.437348676
734200.37296,8.6460020502,71.099190917
789441.13237,6.6713232588,69.244861814
848838.17065,5.2024894182,63.170629327
912704.20354,3.0292956929,59.098256932
981375.47527,1.4947993211,53.598811271
1055213.5289,-0.57786974253,43.480226847
1134607.1098,-2.7336234714,31.378692935
1219974.2121,-3.8602150943,37.800036163
1311764.2798,-7.1546836096,33.805961454
1410460.5726,-9.6224258381,14.003551027
1516582.7104,-13.582780447,21.449121462
1630689.409,-15.538194316,-6.7493589829
1753381.4214,-13.631226572,15.848685446
1885304.7013,-15.518099974,-9.1773483447
2027153.803,-16.181290331,-0.094165249274
2179675.5391,-16.897819143,-40.669911498
2343672.9116,-21.81512998,-52.014840418
2520009.3399,-18.848594456,-23.44524194
2709613.2066,-18.54605995,-51.425687614
2913482.7452,-21.539064614,-7.4333672249
3132691.2955,-21.909731921,-49.604128368
3368392.9548,-21.850331126,35.066240274
3621828.6539,-30.050405937,-79.80847403
3894332.6905,-36.958735999,-105.51641935
4187339.7539,-24.00408465,-120.0709704
4502392.4785,-17.622427778,-126.95054258
4841149.5655,-17.423564684,-65.008707596
5205394.5159,-18.389351411,-44.872407976
5597045.0199,-28.754857434,-66.816644852
6018163.0535,-37.49755898,-147.48136987
6470965.7346,-25.902692642,159.5161801
6957836.9955,-29.291535381,134.61588583
7481340.1339,-25.170985302,75.770029282
8044231.3086,-27.546933674,-122.32606077
8649474.0498,-20.427515016,-139.65176509
9300254.862,-22.066094413,150.92524579
10000000.0,-22.645663634,51.198804155
5.0,47.340620945,-159.60924692
5.376197,48.847685819,-169.24266619
5.780698,50.23616501,-179.14292874
6.215634,51.399950671,171.48927838
6.683295,52.465069951,162.33840115
7.186141,53.469966475,152.70859089
7.726822,54.295947832,143.97734124
8.308183,55.069758516,135.18892469
8.933285,55.731627676,126.95861671
9.60542,56.310422221,119.13360889
10.328125,56.827803284,111.60259663
11.105207,57.267590811,104.59695683
11.940755,57.684000139,97.780563897
12.83917,58.000720755,91.416917345
13.805181,58.316546274,85.671236239
14.843874,58.583507884,80.029392495
15.960717,58.812943659,74.679123092
17.161591,59.031148323,69.838230014
18.452818,59.214314387,65.202034912
19.841196,59.381148625,60.866799766
21.334035,59.524023144,56.678883188
22.939194,59.648552243,52.942721296
24.665124,59.756943553,49.414941846
26.520912,59.830987248,45.957155507
28.516328,59.92630777,42.736343596
30.661878,60.011305218,39.918409073
32.968858,60.0576386,37.259909409
35.449413,60.113857682,34.609526811
38.116604,60.170443829,32.194732888
40.984473,60.219268852,29.966539416
44.068118,60.254953467,28.159588785
47.383775,60.313888989,26.105984855
50.948899,60.290935946,24.478189001
54.782261,60.386968625,22.888689484
58.904043,60.319120972,21.138618452
63.335945,60.394007243,19.836790333
68.1013,60.37903794,17.864033213
73.225198,60.403462074,16.541969443
78.734614,60.413167481,15.769179985
84.658555,60.432334535,14.419711322
91.02821,60.47239078,13.326588217
97.877114,60.448218416,12.237088399
105.241324,60.483555828,11.634123599
113.159613,60.473461192,10.644671655
121.673669,60.467415546,10.032894203
130.828317,60.505924849,9.2499009148
140.671754,60.521303666,8.3489280012
151.255806,60.53659996,7.8456695767
162.636194,60.52839425,7.2470892556
174.872836,60.488266237,6.7324198249
188.030155,60.491356631,6.1876843665
202.177421,60.511369083,5.2576896316
217.389119,60.517396864,4.838483329
233.745336,60.489205453,4.3869405347
251.332183,60.517664075,4.0373409025
270.242253,60.511902925,3.6800521006
290.575105,60.499315391,3.291737409
312.437787,60.504953912,3.0798726514
335.945403,60.515424889,2.4465461553
361.221717,60.542147602,2.2626092288
388.399805,60.538215859,1.8063126755
417.622754,60.53757734,1.4945384585
449.044419,60.525118797,1.2852357
482.830229,60.529862231,0.93093802368
519.158062,60.538712227,0.59656251285
558.219178,60.532011501,0.24441323304
600.219227,60.539062915,-0.15891476329
645.379332,60.532559232,-0.27876066906
693.937253,60.532076355,-0.68333251934
746.148642,60.523804911,-1.16007292
802.288381,60.538591927,-1.256208579
862.652038,60.535522798,-1.5676813695
927.557418,60.540393555,-1.9207295455
997.346235,60.533033931,-2.3197502426
1072.385919,60.521587771,-2.6235142671
1153.071539,60.527580029,-3.0968539581
1239.827893,60.53804192,-3.4639057751
1333.111739,60.521557249,-3.8361908472
1433.414201,60.533856554,-4.3333464765
1541.263354,60.521117703,-4.7074423714
1657.227009,60.519540085,-5.1622362347
1781.915693,60.536873237,-5.6280958456
1915.985873,60.510489896,-6.2363250108
2060.143406,60.520242238,-6.8530887841
2215.147258,60.527661511,-7.4588384547
2381.8135,60.54123144,-8.0268376512
2561.019601,60.543593466,-8.8465506636
2753.709054,60.510575154,-9.4341396724
2960.896335,60.541895194,-10.245951867
3183.672253,60.540813887,-11.08064761
3423.209687,60.505053408,-12.033593019
3680.769761,60.556391777,-12.875938674
3957.708488,60.567138438,-14.151342927
4255.483905,60.577076633,-15.142757947
4575.663752,60.525979755,-16.402743989
4919.933722,60.545114497,-17.589040982
5290.106341,60.552547481,-18.878502305
5688.130508,60.544060861,-20.403946033
6116.101754,60.547463706,-21.922105754
6576.27328,60.52993468,-23.604338926
7071.067812,60.542075533,-25.605446161
7603.090363,60.527539161,-27.49499475
8175.141946,60.534669629,-29.597202174
8790.234319,60.537759372,-32.047381593
9451.605842,60.53762528,-34.348963926
10162.73853,60.551812168,-37.01003472
10927.376379,60.512442476,-39.924697514
11749.545084,60.509629372,-43.174010081
12633.573228,60.506442184,-46.547588733
13584.115076,60.486427531,-50.308646248
14606.175075,60.485442082,-54.762407152
15705.134205,60.420335169,-59.231279125
16886.778307,60.39410771,-64.041744343
18157.328544,60.343269395,-69.655882512
19523.474155,60.248442274,-75.697182911
20992.407676,60.197645314,-82.393418499
22571.862801,59.987519148,-89.710142378
24270.155104,59.709560206,-97.975831291
26096.225818,59.357201713,-106.59392806
28059.688906,58.825870791,-116.11287742
30170.881683,58.180272956,-125.96541954
32440.919233,57.27712154,-136.10446013
34881.752935,56.282226509,-146.13333951
37506.233381,55.015174625,-156.08946859
40328.178031,53.595880693,-165.59525332
43362.443964,52.142344252,-174.02072808
46625.006097,50.446367068,177.86267876
50133.041286,48.791581834,170.30023265
53905.018765,47.037202932,163.77899422
57960.797381,45.262729728,157.76047506
62321.730148,43.444462108,152.2967936
67010.776664,41.593212269,147.02108355
72052.623996,39.75959036,142.30848549
77473.816648,37.900265251,138.25253748
83302.896316,36.043371467,133.92296941
89570.552153,34.147622265,130.22295045
96309.782347,32.321245153,126.63726822
103556.06785,30.39734743,123.55394965
111347.55916,28.618469988,120.38834114
119725.27722,26.711285287,117.87122511
128733.32936,24.828823826,114.76408027
138419.14148,22.965334502,112.98505099
148833.70782,20.993836267,109.67893004
160031.85937,19.285258558,107.69274534
172072.55258,17.289938887,104.87650744
185019.17972,15.338560533,102.47100713
198939.90269,13.47819359,100.37303054
213908.01181,11.668751659,99.25297527
230002.31175,9.7668966739,96.02046085
247307.53637,7.943123004,94.4503715
265914.79485,5.9696162514,96.39128599
285922.05138,4.6725592893,89.626351976
307434.6409,2.5029080627,89.871930349
330565.82369,0.060019449442,83.344961316
355437.38166,-1.7347667023,89.419203472
382180.2595,-3.4169871043,81.94680137
410935.25411,-5.6242290583,77.878237001
441853.75584,-7.9820939397,81.631389447
475098.54558,-6.8836751756,75.072258828
510844.65171,-10.184450599,74.504586293
549280.27165,-11.395207043,65.238479728
590607.76269,-17.10571469,55.962344828
635044.70733,-15.472603505,91.311171781
682825.05883,-16.007404594,73.954430558
734200.37296,-13.758385064,54.423428849
789441.13237,-22.824386239,73.941331824
848838.17065,-18.934411522,38.125746195
912704.20354,-18.457566887,80.556446755
981375.47527,-21.951941849,65.905315737
1055213.5289,-19.039464018,-6.4495000763
1134607.1098,-19.405137696,-1.0062694714
1219974.2121,-22.895132092,27.113206591
1311764.2798,-19.403854949,-1.8520118928
1410460.5726,-21.344861959,33.360900172
1516582.7104,-20.561102594,-43.43744397
1630689.409,-23.992398582,-1.4328387425
1753381.4214,-31.181975354,-32.306176211
1885304.7013,-40.606715701,170.9291963
2027153.803,-28.409230873,102.36256048
2179675.5391,-30.777104939,-60.784583958
2343672.9116,-17.202777416,-1.6246215245
2520009.3399,-21.414018001,59.487278599
2709613.2066,-22.848568613,-149.4893778
2913482.7452,-27.315525421,-3.7380842037
3132691.2955,-18.870905162,-88.508096045
3368392.9548,-26.47929984,-133.20159634
3621828.6539,-21.638939571,-106.20787998
3894332.6905,-33.176855475,128.50811808
4187339.7539,-23.239402237,109.42216261
4502392.4785,-19.87507971,-123.08715039
4841149.5655,-17.420150896,-56.487320963
5205394.5159,-21.707889024,142.65742786
5597045.0199,-21.380415242,-143.51528091
6018163.0535,-21.290409508,-139.46140216
6470965.7346,-21.125237702,-147.65397891
6957836.9955,-22.618152842,-124.18277316
7481340.1339,-19.54815534,-149.37254656
8044231.3086,-26.148511181,176.35019188
8649474.0498,-31.232872122,-12.893806188
9300254.862,-26.958403393,103.22264449
10000000.0,-20.974173385,-169.40304072
5.0,16.756354237,-157.57427539
5.376197,18.266485191,-166.90938915
5.780698,19.6750083,-176.70341671
6.215634,20.864186648,174.15096142
6.683295,21.954055011,164.91037838
7.186141,22.990387003,155.17538986
7.726822,23.84450603,146.38614315
8.308183,24.63802687,137.38309886
8.933285,25.322007487,128.91250882
9.60542,25.908956491,120.95454344
10.328125,26.439152685,113.20553124
11.105207,26.89011636,106.04098446
11.940755,27.29120076,99.16705047
12.83917,27.644824045,92.661016706
13.805181,27.943871157,86.728500469
14.843874,28.216626432,80.962875539
15.960717,28.45233407,75.617182975
17.161591,28.656843101,70.646217172
18.452818,28.839846169,65.91860969
19.841196,29.001906386,61.465693011
21.334035,29.143417622,57.309881877
22.939194,29.264107342,53.42784888
24.665124,29.374804511,49.833396861
26.520912,29.468379537,46.455297427
28.516328,29.55292546,43.245514408
30.661878,29.622321188,40.318834015
32.968858,29.688501537,37.566342389
35.449413,29.745649821,35.011738746
38.116604,29.789245884,32.605622154
40.984473,29.834946232,30.332334726
44.068118,29.87351433,28.259165958
47.383775,29.903262213,26.289946964
50.948899,29.938219888,24.497752481
54.782261,29.95849628,22.771583411
58.904043,29.986342568,21.227885301
63.335945,30.003955487,19.74299439
68.1013,30.018306247,18.43599384
73.225198,30.030579319,17.176969624
78.734614,30.050697448,15.963119885
84.658555,30.053012169,14.870552628
91.02821,30.064254543,13.825812931
97.877114,30.074592485,12.88211891
105.241324,30.082787013,11.983274724
113.159613,30.092982642,11.147313634
121.673669,30.097457675,10.360432925
130.828317,30.103088785,9.6380211976
140.671754,30.108990631,8.99587641
151.255806,30.113255159,8.3433094775
162.636194,30.117573037,7.7696642977
174.872836,30.12147212,7.2277144316
188.030155,30.122937673,6.7223170241
202.177421,30.122648324,6.2802309372
217.389119,30.122795505,5.8160679401
233.745336,30.130595379,5.4409942143
251.332183,30.127697784,5.0659430888
270.242253,30.132083362,4.7015546189
290.575105,30.135573174,4.3722254945
312.437787,30.133331967,4.0665428818
335.945403,30.138340838,3.7932296158
361.221717,30.136334907,3.5064045096
388.399805,30.139489345,3.2934719534
417.622754,30.1375431,3.0541828081
449.044419,30.141945199,2.8423497785
482.830229,30.140132366,2.6463355167
519.158062,30.142761748,2.4630012753
558.219178,30.142056286,2.2961403271
600.219227,30.143223375,2.1412040331
645.379332,30.142308018,2.0040438476
693.937253,30.142471827,1.8487823976
746.148642,30.146868151,1.7128759071
802.288381,30.145450007,1.6124816308
862.652038,30.145145049,1.4892528343
927.557418,30.147097593,1.3971183461
997.346235,30.146912876,1.3080700027
1072.385919,30.149071683,1.2027011264
1153.071539,30.148598015,1.1274273527
1239.827893,30.151093428,1.0367244813
1333.111739,30.149810351,0.96057495836
1433.414201,30.149269318,0.89497169287
1541.263354,30.151360913,0.83313968921
1657.227009,30.15258903,0.76270538793
1781.915693,30.151646839,0.70286387498
1915.985873,30.154381671,0.63216564055
2060.143406,30.1550262,0.60593683618
2215.147258,30.153871757,0.53577841378
2381.8135,30.15482552,0.50835979459
2561.019601,30.153555365,0.45579440885
2753.709054,30.152806595,0.41117212278
2960.896335,30.154088719,0.37726433489
3183.672253,30.160686054,0.33143172592
3423.209687,30.158953457,0.27868616897
3680.769761,30.160354838,0.23426601293
3957.708488,30.159394588,0.27767532548
4255.483905,30.161020597,0.22993365994
4575.663752,30.160644409,0.17340278654
4919.933722,30.164539994,0.15263428135
5290.106341,30.161902118,0.14511890403
5688.130508,30.157742308,0.11701025495
6116.101754,30.161055596,0.054836706527
6576.27328,30.15825452,0.038787299429
7071.067812,30.159294897,0.036459518806
7603.090363,30.161888113,0.018301310026
8175.141946,30.163770638,-0.0025500057722
8790.234319,30.164654082,-0.02346111602
9451.605842,30.166352238,-0.046165096302
10162.73853,30.170314595,-0.098198007611
10927.376379,30.17168588,-0.069401197593
11749.545084,30.174533122,-0.090529928381
12633.573228,30.171906038,-0.11684907399
13584.115076,30.167152425,-0.17069234365
14606.175075,30.173089527,-0.26107851512
15705.134205,30.178716277,-0.26098307522
16886.778307,30.180102679,-0.3154259577
18157.328544,30.182977282,-0.34545961309
19523.474155,30.177659564,-0.42437524343
20992.407676,30.188584626,-0.47941857457
22571.862801,30.193801263,-0.54572849032
24270.155104,30.194508461,-0.55987879296
26096.225818,30.192364354,-0.6369530475
28059.688906,30.192110015,-0.74125695472
30170.881683,30.188620186,-0.83795077443
32440.919233,30.195224989,-0.90019621658
34881.752935,30.199680696,-0.96322447989
37506.233381,30.206128255,-1.0594815296
40328.178031,30.208192177,-1.1994069498
43362.443964,30.205720266,-1.253601549
46625.006097,30.20045434,-1.409928633
50133.041286,30.194653616,-1.4907061516
53905.018765,30.199811054,-1.6299416874
57960.797381,30.194297755,-1.7676559243
62321.730148,30.19912861,-1.9192809371
67010.776664,30.197690219,-2.0832932927
72052.623996,30.199672389,-2.2517075127
77473.816648,30.200290084,-2.4323254458
83302.896316,30.198125458,-2.6112015489
89570.552153,30.20288425,-2.8265513865
96309.782347,30.197788833,-3.0268545494
103556.06785,30.202667697,-3.2410299354
111347.55916,30.206208604,-3.5321947513
119725.27722,30.204190207,-3.7955926728
128733.32936,30.206476632,-4.0905315498
138419.14148,30.203314543,-4.4129855495
148833.70782,30.2020422,-4.7492757863
160031.85937,30.201355096,-5.0992191331
172072.55258,30.200625802,-5.4655791633
185019.17972,30.199223614,-5.8670833179
198939.90269,30.203785587,-6.3467998384
213908.01181,30.202352404,-6.8201092942
230002.31175,30.197456427,-7.3976550294
247307.53637,30.205465428,-7.9378307703
265914.79485,30.202986314,-8.5229032833
285922.05138,30.199103845,-9.1718535767
307434.6409,30.201669844,-9.9141042219
330565.82369,30.200345717,-10.642086583
355437.38166,30.193480518,-11.509291461
382180.2595,30.196252075,-12.392887102
410935.25411,30.19705708,-13.361670333
441853.75584,30.190950159,-14.339562451
475098.54558,30.189766599,-15.468678217
510844.65171,30.192414772,-16.605490808
549280.27165,30.186512105,-17.912368338
590607.76269,30.179704195,-19.314132386
635044.70733,30.168733941,-20.841497198
682825.05883,30.15854223,-22.439348309
734200.37296,30.147107763,-24.223349179
789441.13237,30.132063564,-26.122721788
848838.17065,30.107267612,-28.214626332
912704.20354,30.083165478,-30.452885149
981375.47527,30.051234454,-32.866971524
1055213.5289,30.009082073,-35.517997903
1134607.1098,29.949891217,-38.352554629
1219974.2121,29.88253725,-41.444938973
1311764.2798,29.799803788,-44.798522087
1410460.5726,29.682668402,-48.40217772
1516582.7104,29.549976664,-52.247695153
1630689.409,29.37387064,-56.383197543
1753381.4214,29.163068061,-60.81592394
1885304.7013,28.897223445,-65.500145765
2027153.803,28.579969254,-70.419123685
2179675.5391,28.212886721,-75.49007529
2343672.9116,27.7729084,-80.67723189
2520009.3399,27.270823182,-86.011407455
2709613.2066,26.703653959,-91.378915363
2913482.7452,26.068523944,-96.670379541
3132691.2955,25.370725715,-101.91321634
3368392.9548,24.626334784,-107.01078923
3621828.6539,23.835943476,-112.03184591
3894332.6905,23.003108555,-116.80234609
4187339.7539,22.128626352,-121.45874867
4502392.4785,21.242010468,-125.98610777
4841149.5655,20.331237061,-130.29013639
5205394.5159,19.407564057,-134.43946181
5597045.0199,18.480827177,-138.58433171
6018163.0535,17.555671329,-142.62680148
6470965.7346,16.621583984,-146.53965935
6957836.9955,15.722249546,-150.42141234
7481340.1339,14.809827763,-154.33589091
8044231.3086,13.900305212,-158.28541453
8649474.0498,13.041949028,-162.26478408
9300254.862,12.187325301,-166.41415444
10000000.0,11.369495693,-170.73122239
5.0,16.673198578,-156.70620406
5.376197,18.212416555,-166.33648728
5.780698,19.637617281,-176.23556014
6.215634,20.843405227,174.51210838
6.683295,21.936644271,165.2109492
7.186141,22.981626464,155.44053056
7.726822,23.836054542,146.58361325
8.308183,24.634142324,137.56521575
8.933285,25.318325741,129.0724693
9.60542,25.90693658,121.10281164
10.328125,26.437761116,113.32036012
11.105207,26.889449086,106.13781146
11.940755,27.290760419,99.261115288
12.83917,27.643497667,92.734180236
13.805181,27.943145823,86.815181653
14.843874,28.216755173,81.033343834
15.960717,28.455243067,75.660276026
17.161591,28.657495582,70.677812868
18.452818,28.843990752,65.951643065
19.841196,29.004465708,61.482263216
21.334035,29.144971359,57.324029542
22.939194,29.266977318,53.453443637
24.665124,29.375574087,49.860939523
26.520912,29.468827153,46.462583153
28.516328,29.553139222,43.274126327
30.661878,29.6239299,40.306308738
32.968858,29.688136517,37.57624067
35.449413,29.745164523,35.002099223
38.116604,29.791250147,32.603252392
40.984473,29.833411658,30.339709662
44.068118,29.87565942,28.278748707
47.383775,29.907338314,26.312279862
50.948899,29.936346052,24.529210876
54.782261,29.965190274,22.793996715
58.904043,29.984648946,21.279703143
63.335945,30.008596885,19.767610527
68.1013,30.011013977,18.406010681
73.225198,30.027930718,17.107262642
78.734614,30.045886388,15.969566545
84.658555,30.053028532,14.814674682
91.02821,30.065555793,13.783378079
97.877114,30.077000524,12.864319517
105.241324,30.087109514,11.956880488
113.159613,30.090593212,11.133533073
121.673669,30.095910126,10.347868803
130.828317,30.106054902,9.6436966014
140.671754,30.105011923,8.9685181635
151.255806,30.111088268,8.3129820377
162.636194,30.1138575,7.7735224412
174.872836,30.120675669,7.2041188062
188.030155,30.120421191,6.6876728258
202.177421,30.126604939,6.2509471354
217.389119,30.1271016,5.8060154845
233.745336,30.131326727,5.3990955005
251.332183,30.133631005,5.0331171626
270.242253,30.134330802,4.644955606
290.575105,30.134118778,4.3322811141
312.437787,30.137291969,4.0257084294
335.945403,30.135744815,3.7251387927
361.221717,30.138292125,3.4639491796
388.399805,30.141224969,3.2249586068
417.622754,30.139904222,2.969096829
449.044419,30.138147975,2.7701580079
482.830229,30.142546673,2.5537635797
519.158062,30.143758213,2.364333895
558.219178,30.143009817,2.1846462572
600.219227,30.141617231,2.0220652808
645.379332,30.144527132,1.8691374611
693.937253,30.144950509,1.7168755128
746.148642,30.144355854,1.5710032739
802.288381,30.145997544,1.4604239323
862.652038,30.145392939,1.3253210743
927.557418,30.146172277,1.2198026757
997.346235,30.148414794,1.0967289237
1072.385919,30.148852879,0.99413251706
1153.071539,30.149360424,0.89320279456
1239.827893,30.150933453,0.77974335779
1333.111739,30.151716179,0.71244991222
1433.414201,30.151636952,0.62150465278
1541.263354,30.152764598,0.5489567809
1657.227009,30.150848184,0.45195158287
1781.915693,30.153844894,0.36072260695
1915.985873,30.154207848,0.29313214856
2060.143406,30.152845423,0.21324886656
2215.147258,30.153655787,0.12729097199
2381.8135,30.152456193,0.067074865925
2561.019601,30.153365751,-0.030966993402
2753.709054,30.151794669,-0.096864697612
2960.896335,30.153465349,-0.17864932506
3183.672253,30.162495036,-0.23872265774
3423.209687,30.159868744,-0.30005825728
3680.769761,30.163777687,-0.43511023095
3957.708488,30.160898638,-0.53410480847
4255.483905,30.156679393,-0.58225613568
4575.663752,30.162565064,-0.64483543317
4919.933722,30.157190416,-0.77554570273
5290.106341,30.161315918,-0.89799294361
5688.130508,30.166193161,-0.98772392962
6116.101754,30.161012786,-1.0762448261
6576.27328,30.160827524,-1.2201432189
7071.067812,30.165158394,-1.2895365489
7603.090363,30.158406931,-1.3991103423
8175.141946,30.163471067,-1.5407854057
8790.234319,30.166093545,-1.6466401164
9451.605842,30.163255665,-1.8299286358
10162.73853,30.167268546,-1.9832955465
10927.376379,30.166202591,-2.1542684439
11749.545084,30.173632406,-2.2909115138
12633.573228,30.173746022,-2.5291884894
13584.115076,30.17409151,-2.7562448076
14606.175075,30.176154684,-2.9960361634
15705.134205,30.175741476,-3.2241832233
16886.778307,30.179182606,-3.523912314
18157.328544,30.180222265,-3.775908541
19523.474155,30.182846011,-4.1000927639
20992.407676,30.186447759,-4.4340000175
22571.862801,30.190476203,-4.7428971254
24270.155104,30.19895324,-5.1494733545
26096.225818,30.198608285,-5.530388217
28059.688906,30.19198048,-6.0291203702
30170.881683,30.193207003,-6.4961830194
32440.919233,30.196642438,-6.9866564149
34881.752935,30.203511921,-7.5250083066
37506.233381,30.208703411,-8.1346627251
40328.178031,30.209396454,-8.7659675693
43362.443964,30.203157641,-9.4442692713
46625.006097,30.203851785,-10.164918517
50133.041286,30.196641208,-10.929192476
53905.018765,30.201585961,-11.762311829
57960.797381,30.205408684,-12.694480529
62321.730148,30.202070202,-13.663118908
67010.776664,30.198009663,-14.66825622
72052.623996,30.199533732,-15.785413845
77473.816648,30.202002788,-17.016833354
83302.896316,30.211570796,-18.303931683
89570.552153,30.207228843,-19.729072368
96309.782347,30.208719105,-21.185929609
103556.06785,30.211970053,-22.771619707
111347.55916,30.213950264,-24.572295713
119725.27722,30.217697243,-26.413930003
128733.32936,30.219629842,-28.436244712
138419.14148,30.22378116,-30.564985226
148833.70782,30.223133336,-32.912763396
160031.85937,30.227928442,-35.426197304
172072.55258,30.233873242,-38.121412555
185019.17972,30.236063481,-41.026498145
198939.90269,30.239937342,-44.178512573
213908.01181,30.249240102,-47.658720613
230002.31175,30.256748264,-51.337265609
247307.53637,30.255990943,-55.318139556
265914.79485,30.267481577,-59.60488309
285922.05138,30.278305982,-64.257703913
307434.6409,30.283104841,-69.367323121
330565.82369,30.294518752,-74.913470162
355437.38166,30.301560546,-81.000592366
382180.2595,30.306588797,-87.594046566
410935.25411,30.318373902,-94.86200878
441853.75584,30.303677607,-102.89516199
475098.54558,30.285679243,-111.7377638
510844.65171,30.24013514,-121.58288954
549280.27165,30.13738494,-132.66105759
590607.76269,29.960671381,-145.08199368
635044.70733,29.647216963,-158.90607327
682825.05883,29.134497908,-174.24965912
734200.37296,28.33626963,169.19173564
789441.13237,27.187660536,151.87297603
848838.17065,25.681443977,134.53698442
912704.20354,23.846025444,117.77953694
981375.47527,21.743998134,102.08348641
1055213.5289,19.456961891,87.521670747
1134607.1098,17.041934632,73.946601813
1219974.2121,14.540567055,61.242595699
1311764.2798,11.992243935,49.37386392
1410460.5726,9.3852314767,38.151345607
1516582.7104,6.753310544,27.302699449
1630689.409,4.1017120622,16.866316884
1753381.4214,1.2834165759,6.7515403156
1885304.7013,-1.5421970061,-3.2938022352
2027153.803,-4.3785900004,-13.218270661
2179675.5391,-7.1685802635,-22.476374341
2343672.9116,-10.200110154,-31.622235924
2520009.3399,-12.998955276,-40.475618789
2709613.2066,-16.350635277,-48.661905198
2913482.7452,-19.900639092,-65.047426863
3132691.2955,-22.396420945,-72.410898685
3368392.9548,-25.563669238,-75.532557877
3621828.6539,-29.817371401,-80.163077724
3894332.6905,-30.119437487,-80.087263328
4187339.7539,-34.022675415,-120.46365122
4502392.4785,-39.135248044,-141.24892452
4841149.5655,-48.854807676,-141.5845708
5205394.5159,-41.393668469,-127.8961276
5597045.0199,-38.165013873,-154.15961245
6018163.0535,-42.149809643,-40.637080266
6470965.7346,-42.02170928,-83.146978222
6957836.9955,-43.625510493,155.96822477
7481340.1339,-39.969554926,-164.73848958
8044231.3086,-40.345693871,-76.582606078
8649474.0498,-44.950592191,-126.91995347
9300254.862,-40.3043256,-123.40777753
10000000.0,-41.281053538,172.55816598
5.0,16.642640257,-156.49176346
5.376197,18.191326233,-166.13012353
5.780698,19.620189663,-176.07424298
6.215634,20.827116632,174.67107447
6.683295,21.916577632,165.38961443
7.186141,22.967715308,155.59137591
7.726822,23.824609148,146.73435182
8.308183,24.622037693,137.72040823
8.933285,25.310390004,129.18462928
9.60542,25.900788075,121.19963907
10.328125,26.43103535,113.40603112
11.105207,26.883746487,106.23226436
11.940755,27.284831677,99.343858647
12.83917,27.639175296,92.799980804
13.805181,27.940379248,86.852177409
14.843874,28.211046275,81.076466404
15.960717,28.449231573,75.702596003
17.161591,28.654794787,70.703843697
18.452818,28.838967309,65.978716839
19.841196,28.999614043,61.514074994
21.334035,29.138444299,57.333704508
22.939194,29.262568422,53.457292932
24.665124,29.368475451,49.867825264
26.520912,29.462385234,46.488831176
28.516328,29.548595937,43.252546277
30.661878,29.618403843,40.327739254
32.968858,29.681789047,37.569665791
35.449413,29.737876516,34.988643792
38.116604,29.787154939,32.595391707
40.984473,29.828246884,30.334319955
44.068118,29.865013061,28.205059529
47.383775,29.896136347,26.278108874
50.948899,29.929268649,24.430723308
54.782261,29.945258601,22.759350936
58.904043,29.977968277,21.151958483
63.335945,29.98953196,19.674803494
68.1013,30.016082135,18.358185115
73.225198,30.029778818,17.086604496
78.734614,30.041846658,15.853016261
84.658555,30.052905492,14.774499223
91.02821,30.062352062,13.740737335
97.877114,30.076100941,12.763530122
105.241324,30.07757511,11.868921474
113.159613,30.088288215,11.013495571
121.673669,30.092653656,10.23823701
130.828317,30.097334832,9.4921953046
140.671754,30.102477332,8.8283644799
151.255806,30.106682742,8.1792407535
162.636194,30.10930032,7.5968974302
174.872836,30.115680604,7.0438895433
188.030155,30.117882798,6.5063716455
202.177421,30.11632485,6.0598902005
217.389119,30.119318289,5.5964208156
233.745336,30.122944177,5.1800834282
251.332183,30.124065464,4.7482526981
270.242253,30.128449912,4.3867733303
290.575105,30.129979939,4.0453768571
312.437787,30.13326595,3.7068801637
335.945403,30.130320622,3.4083602323
361.221717,30.135338562,3.1104122391
388.399805,30.134166677,2.8243648041
417.622754,30.132827538,2.5844999827
449.044419,30.137012858,2.3217915976
482.830229,30.135274395,2.0912132943
519.158062,30.136482047,1.8654350913
558.219178,30.136864715,1.6294828886
600.219227,30.137256263,1.4489050989
645.379332,30.138009638,1.2501685046
693.937253,30.13961514,1.0212787126
746.148642,30.14081948,0.84623151976
802.288381,30.139543346,0.67240704551
862.652038,30.13856592,0.48583389698
927.557418,30.142352506,0.30965601249
997.346235,30.140096711,0.13266403102
1072.385919,30.142627174,-0.047674166473
1153.071539,30.141896357,-0.2106725749
1239.827893,30.141925403,-0.40559641883
1333.111739,30.141991295,-0.58564319681
1433.414201,30.145371736,-0.77819506626
1541.263354,30.143985719,-0.95293899494
1657.227009,30.147408691,-1.1714014405
1781.915693,30.146554987,-1.3686115547
1915.985873,30.147854387,-1.5746410296
2060.143406,30.146504149,-1.7811143503
2215.147258,30.147380697,-2.0215585542
2381.8135,30.146708469,-2.2655883846
2561.019601,30.146775079,-2.5049036664
2753.709054,30.145259077,-2.778574511
2960.896335,30.144015591,-3.0659788872
3183.672253,30.157406442,-3.3462749529
3423.209687,30.14753858,-3.6406125245
3680.769761,30.14708888,-3.9901953694
3957.708488,30.149353656,-4.3247734167
4255.483905,30.149718852,-4.7024531754
4575.663752,30.149556457,-5.1218727555
4919.933722,30.148048715,-5.5286861154
5290.106341,30.150225313,-5.9918148596
5688.130508,30.151639477,-6.4690164293
6116.101754,30.150518664,-6.9927922195
6576.27328,30.15187841,-7.5645039676
7071.067812,30.148036246,-8.1541287442
7603.090363,30.146692069,-8.7459397305
8175.141946,30.152024543,-9.4474390463
8790.234319,30.148178738,-10.199609347
9451.605842,30.153367036,-11.031909686
10162.73853,30.156181229,-11.836253656
10927.376379,30.155950753,-12.740460899
11749.545084,30.163127245,-13.720228885
12633.573228,30.157288213,-14.771008307
13584.115076,30.156501704,-15.918863295
14606.175075,30.162579456,-17.140763751
15705.134205,30.157832073,-18.525693978
16886.778307,30.158210545,-19.889506194
18157.328544,30.159498053,-21.450142342
19523.474155,30.160887012,-23.081576602
20992.407676,30.161508788,-24.883118683
22571.862801,30.161734778,-26.761572648
24270.155104,30.167292229,-28.877259333
26096.225818,30.163815969,-31.10856396
28059.688906,30.15618702,-33.535115308
30170.881683,30.153540187,-36.159043981
32440.919233,30.158281964,-39.046793013
34881.752935,30.154712984,-42.136698952
37506.233381,30.145587246,-45.472873847
40328.178031,30.140737467,-49.138126241
43362.443964,30.116136772,-53.104272175
46625.006097,30.092901199,-57.45770078
50133.041286,30.053326818,-62.247694903
53905.018765,30.011238523,-67.498295565
57960.797381,29.940301116,-73.31669606
62321.730148,29.845749099,-79.682729487
67010.776664,29.695727447,-86.739016163
72052.623996,29.480285631,-94.453375321
77473.816648,29.184165364,-103.00922019
83302.896316,28.758238061,-112.23447982
89570.552153,28.188331904,-122.0436675
96309.782347,27.43238574,-132.22013711
103556.06785,26.488149291,-142.54672461
111347.55916,25.352574359,-152.74258193
119725.27722,24.042579794,-162.56855975
128733.32936,22.588250791,-171.84196148
138419.14148,21.00575664,179.58510439
148833.70782,19.347206296,171.71445391
160031.85937,17.588687352,164.47883346
172072.55258,15.828142297,157.91344194
185019.17972,14.025667156,151.73943613
198939.90269,12.200320924,146.23841838
213908.01181,10.374482417,141.19757526
230002.31175,8.5109516581,136.27856368
247307.53637,6.6453901336,131.91873005
265914.79485,4.7693774652,127.56242894
285922.05138,2.9197022153,123.91541533
307434.6409,1.0712425741,119.97203283
330565.82369,-0.89201212005,116.67468952
355437.38166,-2.759978066,113.45884765
382180.2595,-4.5673856526,109.53836901
410935.25411,-6.4297453248,107.45815516
441853.75584,-8.3190798658,103.51913993
475098.54558,-9.9928748716,99.979102365
510844.65171,-11.932003822,97.335457532
549280.27165,-14.280736032,94.795702775
590607.76269,-16.051052329,89.329354585
635044.70733,-17.368801505,92.150749063
682825.05883,-20.061954608,84.576950019
734200.37296,-22.11629852,84.683856041
789441.13237,-23.385257519,74.954770585
848838.17065,-24.679887704,76.599094292
912704.20354,-26.553126384,68.105536535
981375.47527,-29.308891487,71.057375022
1055213.5289,-31.400773513,74.932133594
1134607.1098,-32.014592555,65.217877367
1219974.2121,-33.272410252,80.324758862
1311764.2798,-35.662436177,45.009374414
1410460.5726,-36.440380101,54.421822756
1516582.7104,-41.189769838,43.968932254
1630689.409,-42.077151863,63.802862632
1753381.4214,-41.401325499,-16.054086664
1885304.7013,-38.756069138,50.38700974
2027153.803,-56.095534387,74.434392337
2179675.5391,-47.25579066,-10.065159978
2343672.9116,-45.330575751,-155.84763219
2520009.3399,-40.205864797,7.0690704609
2709613.2066,-45.114614261,50.429062067
2913482.7452,-64.15554711,50.443824347
3132691.2955,-45.521252116,-164.29937202
3368392.9548,-44.50366208,-11.89307839
3621828.6539,-57.290102542,106.31132924
3894332.6905,-38.426987343,67.221222736
4187339.7539,-46.204251955,179.43291565
4502392.4785,-38.502515682,-34.673801552
4841149.5655,-48.230690474,-0.33872867282
5205394.5159,-39.406427459,-140.12277953
5597045.0199,-41.121091502,-85.597427679
6018163.0535,-49.797767425,-161.07405376
6470965.7346,-55.229324282,85.007656384
6957836.9955,-39.059222347,52.456709691
7481340.1339,-40.943326176,-9.7540360368
8044231.3086,-43.689968023,-54.642020303
8649474.0498,-58.517767115,-15.424781606
9300254.862,-49.64464961,179.65987475
10000000.0,-50.439894057,164.96457234
5.0,16.642232209,-156.42416477
5.376197,18.182995893,-166.08908294
5.780698,19.611274941,-175.98513116
6.215634,20.822223456,174.74731167
6.683295,21.921309609,165.44727216
7.186141,22.967288114,155.66122134
7.726822,23.823752355,146.78445396
8.308183,24.626874248,137.73076403
8.933285,25.312959799,129.22505025
9.60542,25.901145203,121.22513333
10.328125,26.435390037,113.44242603
11.105207,26.886114443,106.24532409
11.940755,27.290030292,99.333284066
12.83917,27.641979619,92.798917361
13.805181,27.942879678,86.854119949
14.843874,28.216726673,81.06936501
15.960717,28.454972287,75.689090391
17.161591,28.659517255,70.687514636
18.452818,28.841953946,65.940975465
19.841196,29.002094053,61.486087174
21.334035,29.143349581,57.311786032
22.939194,29.265297935,53.40492125
24.665124,29.373331031,49.828840667
26.520912,29.466794397,46.41994592
28.516328,29.552252084,43.201740532
30.661878,29.624128327,40.269819978
32.968858,29.688302201,37.49871838
35.449413,29.742353398,34.917040657
38.116604,29.792678047,32.498983247
40.984473,29.835665733,30.228298823
44.068118,29.872876016,28.129881722
47.383775,29.900761257,26.170464712
50.948899,29.933541313,24.327689148
54.782261,29.952166747,22.639372659
58.904043,29.982362696,20.998419367
63.335945,29.996559571,19.519510304
68.1013,30.023457754,18.207099451
73.225198,30.033729264,16.913898334
78.734614,30.047312725,15.657037712
84.658555,30.056231752,14.591645421
91.02821,30.068391344,13.520940735
97.877114,30.078157,12.52806192
105.241324,30.080264358,11.603809462
113.159613,30.090501077,10.737474804
121.673669,30.095821857,9.9286092698
130.828317,30.100560849,9.1862841539
140.671754,30.105943313,8.4829868465
151.255806,30.11079701,7.8304221968
162.636194,30.118103145,7.199052527
174.872836,30.118031232,6.6374419299
188.030155,30.121838735,6.0811383092
202.177421,30.126037361,5.5500436375
217.389119,30.126891636,5.0520840712
233.745336,30.127767995,4.5835787654
251.332183,30.129441207,4.1443132519
270.242253,30.127136289,3.7482279133
290.575105,30.135420864,3.3361629731
312.437787,30.137277779,2.9418822623
335.945403,30.138566042,2.5848229381
361.221717,30.137505382,2.2345838587
388.399805,30.13684486,1.8778329205
417.622754,30.139834786,1.5696600732
449.044419,30.139788116,1.2252301197
482.830229,30.137945381,0.93400040313
519.158062,30.141071617,0.60686183937
558.219178,30.141667794,0.30179677044
600.219227,30.142053356,-0.011060847033
645.379332,30.142560548,-0.32335497754
693.937253,30.144121595,-0.62316895874
746.148642,30.142545032,-0.93821564377
802.288381,30.143153329,-1.2504591285
862.652038,30.144290505,-1.5845348801
927.557418,30.14452059,-1.9207050537
997.346235,30.146218504,-2.2658681149
1072.385919,30.144546201,-2.6231951318
1153.071539,30.146127226,-2.9966113366
1239.827893,30.146746905,-3.4002471425
1333.111739,30.145462092,-3.7996678316
1433.414201,30.144631014,-4.2223959647
1541.263354,30.147161778,-4.6650248777
1657.227009,30.146245647,-5.1340851054
1781.915693,30.148828205,-5.6568723507
1915.985873,30.150075097,-6.169303798
2060.143406,30.150378875,-6.7495603558
2215.147258,30.149340226,-7.3398197988
2381.8135,30.146323442,-7.9852271523
2561.019601,30.147630516,-8.6663239122
2753.709054,30.14948754,-9.3782642849
2960.896335,30.146942546,-10.181634422
3183.672253,30.154038048,-11.015357114
3423.209687,30.151034006,-11.891862591
3680.769761,30.153096038,-12.866374056
3957.708488,30.153784374,-13.867942349
4255.483905,30.158128114,-14.946768859
4575.663752,30.155439193,-16.098443762
4919.933722,30.149234512,-17.412394284
5290.106341,30.150985588,-18.763615391
5688.130508,30.148981037,-20.206052963
6116.101754,30.149692824,-21.785783677
6576.27328,30.149724579,-23.45630824
7071.067812,30.147119677,-25.349003026
7603.090363,30.148577986,-27.281531361
8175.141946,30.147607964,-29.373951479
8790.234319,30.147614362,-31.677029093
9451.605842,30.145516908,-34.171075876
10162.73853,30.146385766,-36.868939167
10927.376379,30.148583129,-39.762094037
11749.545084,30.145075234,-42.948294501
12633.573228,30.130627729,-46.391246533
13584.115076,30.126047718,-50.202580463
14606.175075,30.106800377,-54.340524537
15705.134205,30.081902251,-58.832596011
16886.778307,30.046098222,-63.809738425
18157.328544,29.990230806,-69.28805444
19523.474155,29.907203562,-75.377558158
20992.407676,29.787912153,-82.043663805
22571.862801,29.608051426,-89.394403059
24270.155104,29.346880848,-97.471416956
26096.225818,28.97910771,-106.27128693
28059.688906,28.466073891,-115.7116042
30170.881683,27.788416628,-125.590895
32440.919233,26.927620065,-135.7288425
34881.752935,25.879404154,-145.84611403
37506.233381,24.649530061,-155.6528366
40328.178031,23.251469837,-164.90236887
43362.443964,21.730488713,-173.51544507
46625.006097,20.099110812,178.53071814
50133.041286,18.396441077,171.28453138
53905.018765,16.641114818,164.63631828
57960.797381,14.878326015,158.60056568
62321.730148,13.048831927,153.09775387
67010.776664,11.21938456,148.15785207
72052.623996,9.3975797133,143.47865456
77473.816648,7.5159903649,139.32693827
83302.896316,5.6754508364,135.60201786
89570.552153,3.782062346,131.63164571
96309.782347,1.963101508,128.53451603
103556.06785,0.042640679914,125.71791234
111347.55916,-1.7598751405,122.29782041
119725.27722,-3.7550825018,119.62256926
128733.32936,-5.5507545936,117.31282276
138419.14148,-7.5307291495,114.73981776
148833.70782,-9.2943622582,112.02199578
160031.85937,-11.061341767,110.05554231
172072.55258,-12.826592817,107.59866805
185019.17972,-14.736981218,105.08422373
198939.90269,-16.350282519,104.58669472
213908.01181,-18.676028004,104.60914423
230002.31175,-20.81459248,103.91835235
247307.53637,-23.037514014,102.41244297
265914.79485,-24.813718274,97.767213099
285922.05138,-27.315917568,91.717149559
307434.6409,-27.239910765,89.74227379
330565.82369,-29.683084292,91.52418668
355437.38166,-31.071846453,95.8966354
382180.2595,-34.455834662,83.834271703
410935.25411,-32.670857223,94.116102118
441853.75584,-32.970119008,82.014237748
475098.54558,-34.725228876,80.821794031
510844.65171,-41.753355346,82.428439822
549280.27165,-48.364015388,-34.824317042
590607.76269,-37.467875429,44.536073272
635044.70733,-51.071032667,75.492464229
682825.05883,-46.960618249,175.84603655
734200.37296,-42.09832317,100.51785586
789441.13237,-38.867079116,66.43003975
848838.17065,-46.533720048,127.6533925
912704.20354,-40.769885973,11.392546505
981375.47527,-35.045282508,-25.953594329
1055213.5289,-42.060286361,5.8332267685
1134607.1098,-41.656896384,18.268605407
1219974.2121,-46.827967664,42.710091944
1311764.2798,-41.568719328,-121.96806579
1410460.5726,-48.573285811,13.608407092
1516582.7104,-57.003129028,-39.139462733
1630689.409,-55.929923657,-178.96450755
1753381.4214,-43.670066665,-161.63979762
1885304.7013,-59.486953299,52.611991478
2027153.803,-41.702544068,-30.798637601
2179675.5391,-47.844704576,163.82869134
2343672.9116,-42.003810388,118.85055873
2520009.3399,-40.80263142,106.71478838
2709613.2066,-49.051098345,-35.507314204
2913482.7452,-44.559838992,-16.631004593
3132691.2955,-50.834375232,52.737493003
3368392.9548,-41.78949555,-99.764960531
3621828.6539,-41.411819338,-55.805483364
3894332.6905,-41.366632847,-118.73443577
4187339.7539,-43.536186052,11.542233398
4502392.4785,-48.618352228,118.84656594
4841149.5655,-43.582837147,173.42508415
5205394.5159,-47.69065211,-88.092360688
5597045.0199,-40.701269545,-84.021848268
6018163.0535,-36.818885901,-64.135144029
6470965.7346,-47.969250907,82.551701758
6957836.9955,-41.307785443,29.932162623
7481340.1339,-51.890802706,-42.977696869
8044231.3086,-40.68968427,-18.735991518
8649474.0498,-43.440156038,-176.57769649
9300254.862,-48.435269522,159.33964152
10000000.0,-43.234039835,-127.53191849
