Frequency (Hz),Magnitude (dB),Phase (°)
5.0,47.487715401,-161.61674622
5.376197,48.953192698,-171.28220774
5.780698,50.299158998,179.12220606
6.215634,51.429741915,169.94328914
6.683295,52.477279432,160.85967504
7.186141,53.460474758,151.43416613
7.726822,54.255262103,142.76514391
8.308183,55.032182848,134.12063332
8.933285,55.677205222,125.96655423
9.60542,56.249721295,118.27404038
10.328125,56.756304325,110.86846196
11.105207,57.202663962,103.99112389
11.940755,57.595872132,97.379183383
12.83917,57.94473375,91.052095305
13.805181,58.242063198,85.339146606
14.843874,58.529943106,79.688057887
15.960717,58.766275532,74.556926171
17.161591,58.995557777,69.687367353
18.452818,59.157617835,65.210235465
19.841196,59.313704425,60.725793565
21.334035,59.46532417,56.809947157
22.939194,59.599195956,52.924435217
24.665124,59.703052833,49.475445235
26.520912,59.803767305,46.065233319
28.516328,59.895680039,42.903737808
30.661878,59.969600101,40.071410874
32.968858,60.032328318,37.380677824
35.449413,60.101064137,34.854064031
38.116604,60.191815385,32.426474661
40.984473,60.190683828,30.166137086
44.068118,60.256057581,28.169548449
47.383775,60.275598204,26.377577266
50.948899,60.315499462,24.311269395
54.782261,60.360297992,22.598730157
58.904043,60.342811532,21.214389919
63.335945,60.380008318,19.625711138
68.1013,60.393102092,18.368677907
73.225198,60.427427607,17.198400021
78.734614,60.431445864,15.877704523
84.658555,60.461669583,14.779439696
91.02821,60.46922188,13.854215098
97.877114,60.472022766,12.880677053
105.241324,60.501820684,11.8924478
113.159613,60.463859932,11.278609255
121.673669,60.482256211,10.375208329
130.828317,60.504976126,9.7743982101
140.671754,60.488231128,8.9294522709
151.255806,60.49867233,8.3257780703
162.636194,60.505791119,7.7707021928
174.872836,60.498706871,7.3639018764
188.030155,60.520092773,6.7573252425
202.177421,60.516628388,6.371642829
217.389119,60.526651994,5.7522113053
233.745336,60.532768237,5.4943261743
251.332183,60.527849354,5.1184582322
270.242253,60.518841258,4.7914119497
290.575105,60.520723475,4.2939885269
312.437787,60.541168902,4.14985354
335.945403,60.540872382,3.777729783
361.221717,60.540899,3.4404144688
388.399805,60.529668107,3.2725068905
417.622754,60.53269705,2.955065683
449.044419,60.53439244,2.8499914918
482.830229,60.545551795,2.5713892375
519.158062,60.517627901,2.4849155121
558.219178,60.527880329,2.3367890901
600.219227,60.530938299,2.2018532214
645.379332,60.524773083,1.9127114703
693.937253,60.559580545,1.799194442
746.148642,60.547437113,1.7952391033
802.288381,60.540481709,1.5465490406
862.652038,60.570722579,1.4234030879
927.557418,60.550917929,1.3222941102
997.346235,60.538917399,1.1705853638
1072.385919,60.542995729,1.1288981663
1153.071539,60.533585739,1.0660767818
1239.827893,60.542419282,0.91908599122
1333.111739,60.560916038,0.88068295277
1433.414201,60.551540495,0.79618473482
1541.263354,60.55996273,0.65943298009
1657.227009,60.541747922,0.54485088966
1781.915693,60.521978312,0.46741880327
1915.985873,60.525951524,0.48785091328
2060.143406,60.551109223,0.29316627891
2215.147258,60.529748767,0.38754545136
2381.8135,60.54609288,0.35926149409
2561.019601,60.550551632,0.24872305382
2753.709054,60.544819364,0.12299212435
2960.896335,60.548160169,0.19536690807
3183.672253,60.512984359,0.15379218105
3423.209687,60.525095923,0.14732346344
3680.769761,60.536843395,0.27264221646
3957.708488,60.536715424,0.030953079869
4255.483905,60.553741728,-0.044014359315
4575.663752,60.536779487,0.030865059549
4919.933722,60.564643086,-0.1026883386
5290.106341,60.531892131,-0.039272061137
5688.130508,60.54520152,-0.43362578708
6116.101754,60.544913981,-0.32809063409
6576.27328,60.531338331,-0.2905818773
7071.067812,60.506001357,-0.19356690088
7603.090363,60.53741042,-0.2770011238
8175.141946,60.521697445,-0.40215224013
8790.234319,60.50739818,-0.4421696649
9451.605842,60.505561607,-0.35913542692
10162.73853,60.55512762,-0.47831669588
10927.376379,60.541868888,-0.46906724651
11749.545084,60.528989158,-0.74234714927
12633.573228,60.541845034,-0.74035917584
13584.115076,60.518516848,-0.74152113267
14606.175075,60.553530523,-0.60075620363
15705.134205,60.506914914,-0.92529616963
16886.778307,60.486884256,-0.60919278075
18157.328544,60.516522945,-0.53179219697
19523.474155,60.527456293,-1.0092339275
20992.407676,60.527123172,-0.87793300376
22571.862801,60.497858564,-1.3304856264
24270.155104,60.525098386,-1.2611468292
26096.225818,60.498238747,-1.2069433468
28059.688906,60.499671984,-1.5609844706
30170.881683,60.485131922,-1.4270453847
32440.919233,60.493190105,-1.3669499498
34881.752935,60.495366705,-1.5922001345
37506.233381,60.480173249,-1.8268000672
40328.178031,60.550077912,-1.7734492318
43362.443964,60.52996312,-2.0168711482
46625.006097,60.515532379,-2.2136231874
50133.041286,60.508584956,-2.426967916
53905.018765,60.48642945,-2.7074646896
57960.797381,60.497529981,-2.5491857797
62321.730148,60.492082117,-2.8559722245
67010.776664,60.539979123,-3.2316106805
72052.623996,60.496604473,-3.2155706881
77473.816648,60.506556043,-3.4545859067
83302.896316,60.483190315,-3.8708328511
89570.552153,60.489324675,-4.0433209457
96309.782347,60.482897655,-4.4066329899
103556.06785,60.498123963,-4.7065657345
111347.55916,60.52327426,-4.9708598314
119725.27722,60.516419145,-5.3355328052
128733.32936,60.525503061,-5.6456844849
138419.14148,60.501759379,-6.1011285442
148833.70782,60.521282778,-6.5697513695
160031.85937,60.51174666,-6.9559273419
172072.55258,60.56446313,-7.8801293609
185019.17972,60.538057382,-7.9338147412
198939.90269,60.505758219,-8.9738796517
213908.01181,60.548735866,-9.5856037362
230002.31175,60.519030652,-10.522537033
247307.53637,60.530047306,-11.08846253
265914.79485,60.544502967,-12.094045983
285922.05138,60.525295906,-12.997901041
307434.6409,60.50588017,-14.077171834
330565.82369,60.564238402,-15.072946362
355437.38166,60.561992567,-16.150862148
382180.2595,60.557416302,-17.402065858
410935.25411,60.530761509,-18.745676722
441853.75584,60.508501056,-20.141001545
475098.54558,60.52722313,-21.95388843
510844.65171,60.524110043,-23.705613147
549280.27165,60.50306765,-25.552480461
590607.76269,60.501865176,-27.262028516
635044.70733,60.505021644,-29.710776311
682825.05883,60.4544438,-31.873341487
734200.37296,60.42372048,-34.1616905
789441.13237,60.399398305,-37.028664283
848838.17065,60.401690647,-39.771497393
912704.20354,60.329331,-43.140340267
981375.47527,60.307837832,-46.612382897
1055213.5289,60.210002446,-50.167375365
1134607.1098,60.134632207,-54.297863823
1219974.2121,59.999532977,-58.628697057
1311764.2798,59.870807182,-63.399267372
1410460.5726,59.726274129,-68.374250443
1516582.7104,59.472367469,-73.748304326
1630689.409,59.223151421,-79.477981338
1753381.4214,58.914264535,-85.431009648
1885304.7013,58.588650077,-91.880137102
2027153.803,58.099166041,-98.856017626
2179675.5391,57.572336342,-106.16691123
2343672.9116,56.956473573,-113.02223429
2520009.3399,56.205337013,-120.42998868
2709613.2066,55.399105119,-127.81812149
2913482.7452,54.516461677,-135.38474328
3132691.2955,53.513193674,-142.67369122
3368392.9548,52.445360078,-149.9384485
3621828.6539,51.309010252,-157.06014674
3894332.6905,50.113425645,-163.69371362
4187339.7539,48.787801583,-170.29523163
4502392.4785,47.487503411,-176.76237834
4841149.5655,46.125971042,177.38255449
5205394.5159,44.733081533,171.6418392
5597045.0199,43.348676945,166.12368392
6018163.0535,41.916792693,160.89155828
6470965.7346,40.466910767,155.58436899
6957836.9955,39.043676693,150.65746436
7481340.1339,37.592018296,145.83195389
8044231.3086,36.208325167,140.89965403
8649474.0498,34.766029939,136.29157949
9300254.862,33.409129365,131.64738806
10000000.0,32.04682502,126.8308479
5.0,47.533343091,-162.11086537
5.376197,48.978441827,-171.5905359
5.780698,50.326226928,178.60757677
6.215634,51.470704729,169.48897278
6.683295,52.479069606,160.54923287
7.186141,53.48108089,150.97342947
7.726822,54.282502314,142.56947774
8.308183,55.023162337,133.72888868
8.933285,55.680051548,125.73606
9.60542,56.24335504,118.11255471
10.328125,56.769724082,110.62912427
11.105207,57.213274981,103.68995734
11.940755,57.591008252,97.18915956
12.83917,57.957546185,90.81683966
13.805181,58.254225503,85.131746796
14.843874,58.515249652,79.630188611
15.960717,58.767730662,74.38551326
17.161591,58.962853163,69.581889162
18.452818,59.158752913,65.024726578
19.841196,59.322108158,60.670850051
21.334035,59.461370298,56.560585695
22.939194,59.579686087,52.923797944
24.665124,59.72260389,49.486110743
26.520912,59.814741149,46.071284097
28.516328,59.895012174,42.837907225
30.661878,59.988438071,40.028646843
32.968858,60.063760368,37.414449179
35.449413,60.1002133,34.80223843
38.116604,60.130980091,32.355063404
40.984473,60.182104802,30.301746124
44.068118,60.241994453,28.221233944
47.383775,60.291834806,26.122305339
50.948899,60.302676386,24.436409354
54.782261,60.309450409,22.730296513
58.904043,60.35517969,21.339720543
63.335945,60.375375027,19.714146446
68.1013,60.39329186,18.431619894
73.225198,60.427117478,17.015947422
78.734614,60.411219084,15.812831493
84.658555,60.459569182,14.65899364
91.02821,60.444429672,13.755094687
97.877114,60.465868014,12.902031415
105.241324,60.485539289,11.831329066
113.159613,60.486127811,11.115962066
121.673669,60.495734726,10.354364225
130.828317,60.514648057,9.4805428244
140.671754,60.484760304,8.9936916934
151.255806,60.519917606,8.2615018352
162.636194,60.515591587,7.7896669235
174.872836,60.528090063,7.1581324494
188.030155,60.508289066,6.7662964483
202.177421,60.538610308,6.1884951389
217.389119,60.513049917,5.860970307
233.745336,60.523117747,5.3391739009
251.332183,60.520921242,5.0222099747
270.242253,60.548878866,4.567060015
290.575105,60.539727128,4.3967093763
312.437787,60.527677549,4.0164797317
335.945403,60.534129689,3.7261792194
361.221717,60.537510987,3.4265023469
388.399805,60.525793,3.1542045679
417.622754,60.541633477,2.972760303
449.044419,60.54634221,2.6270245673
482.830229,60.524190657,2.418019971
519.158062,60.566732056,2.3147632692
558.219178,60.532028339,2.1655461932
600.219227,60.531668301,1.9215560319
645.379332,60.541601028,1.784878072
693.937253,60.549739624,1.6623033566
746.148642,60.544878672,1.5873659221
802.288381,60.549828839,1.34953893
862.652038,60.527689089,1.2248038495
927.557418,60.548433911,1.022927202
997.346235,60.535111026,0.81674352922
1072.385919,60.556983133,0.85800144707
1153.071539,60.542439671,0.84921192234
1239.827893,60.554057683,0.61454609281
1333.111739,60.523367322,0.56451649907
1433.414201,60.542613276,0.51262340462
1541.263354,60.549509734,0.4960989749
1657.227009,60.55675978,0.28464948071
1781.915693,60.544912763,0.27023910413
1915.985873,60.544220448,0.20264272777
2060.143406,60.543964864,-0.016198918864
2215.147258,60.540951075,0.048648548267
2381.8135,60.545892863,-0.13786472561
2561.019601,60.536073376,-0.11569983633
2753.709054,60.530047739,-0.36225220577
2960.896335,60.558133015,-0.35994019646
3183.672253,60.546284112,-0.38676605864
3423.209687,60.563596779,-0.18781163525
3680.769761,60.578240954,-0.62523052753
3957.708488,60.545813774,-0.73348911656
4255.483905,60.514900875,-0.75089729007
4575.663752,60.603121935,-0.81169741599
4919.933722,60.502474228,-0.8016536303
5290.106341,60.539582684,-1.2557981011
5688.130508,60.548863916,-1.1950327935
6116.101754,60.490839643,-1.3185356891
6576.27328,60.572347011,-1.6516586305
7071.067812,60.566787908,-1.5225608077
7603.090363,60.540575788,-1.8166905949
8175.141946,60.549727638,-1.6866952537
8790.234319,60.494463255,-2.2190075066
9451.605842,60.525113614,-2.3714813477
10162.73853,60.505153323,-2.409618858
10927.376379,60.514635919,-2.5123615869
11749.545084,60.541919564,-3.0522494325
12633.573228,60.522643432,-3.1692260746
13584.115076,60.518429097,-3.0836845161
14606.175075,60.525931234,-3.3354784626
15705.134205,60.504370363,-3.7145311275
16886.778307,60.524977632,-3.9949771865
18157.328544,60.514306302,-4.3589605807
19523.474155,60.527676091,-4.5768613803
20992.407676,60.514473462,-4.8341058557
22571.862801,60.508491742,-5.410786292
24270.155104,60.500725678,-5.6387523098
26096.225818,60.542026435,-6.2461561039
28059.688906,60.519667958,-6.7326632936
30170.881683,60.542864242,-7.0363410417
32440.919233,60.535092862,-7.435237251
34881.752935,60.493426612,-8.0795409162
37506.233381,60.536758802,-8.7955503962
40328.178031,60.508028622,-9.3972053124
43362.443964,60.493424167,-9.935315383
46625.006097,60.493982084,-10.867485802
50133.041286,60.52354476,-11.79294934
53905.018765,60.483994288,-12.578252779
57960.797381,60.486562581,-13.369037462
62321.730148,60.507342565,-14.48086605
67010.776664,60.511775992,-15.820922189
72052.623996,60.496563457,-16.951354594
77473.816648,60.488356297,-18.138011788
83302.896316,60.489917048,-19.502616081
89570.552153,60.531097718,-20.777919642
96309.782347,60.518359672,-22.451820944
103556.06785,60.477340123,-24.164197803
111347.55916,60.513317511,-26.189917359
119725.27722,60.53522623,-28.166690144
128733.32936,60.515522614,-30.05248182
138419.14148,60.489572131,-32.37085223
148833.70782,60.529598702,-34.648049394
160031.85937,60.573487098,-37.525442744
172072.55258,60.527467304,-40.461479329
185019.17972,60.550524793,-43.344147488
198939.90269,60.53647492,-46.71145607
213908.01181,60.558092891,-50.224958925
230002.31175,60.563025705,-54.490317581
247307.53637,60.506327249,-58.431214544
265914.79485,60.530484762,-63.236844056
285922.05138,60.53755457,-68.017554077
307434.6409,60.494520629,-73.497163678
330565.82369,60.471513388,-79.030650927
355437.38166,60.513755203,-85.505291863
382180.2595,60.482743509,-92.426131638
410935.25411,60.459060288,-100.22700963
441853.75584,60.401261685,-108.37378053
475098.54558,60.316879233,-117.28754534
510844.65171,60.286103708,-127.43313515
549280.27165,60.11131625,-138.50082439
590607.76269,59.94376548,-151.07929233
635044.70733,59.620141023,-164.81207953
682825.05883,59.19350559,179.714006
734200.37296,58.45189968,163.17706677
789441.13237,57.411178344,145.75560073
848838.17065,56.050813513,127.77848986
912704.20354,54.337733905,109.85797142
981375.47527,52.326088273,92.778007026
1055213.5289,50.064201952,76.97485062
1134607.1098,47.716712338,61.369507907
1219974.2121,45.189655255,46.782111854
1311764.2798,42.617121365,33.532727168
1410460.5726,39.929252751,20.366666321
1516582.7104,37.192796584,7.89555129
1630689.409,34.467299477,-4.4244733623
1753381.4214,31.588939675,-16.479896724
1885304.7013,28.646184239,-28.292482663
2027153.803,25.662654967,-40.171382277
2179675.5391,22.609200192,-51.958225867
2343672.9116,19.468646979,-63.411862594
2520009.3399,16.179775635,-74.494464806
2709613.2066,12.785900631,-85.673522647
2913482.7452,9.3482045583,-96.12324049
3132691.2955,5.9292064017,-107.394402
3368392.9548,2.4846934447,-117.80880059
3621828.6539,-1.3849867367,-126.5877802
3894332.6905,-5.2112734682,-135.14905058
4187339.7539,-8.7420945139,-147.61994219
4502392.4785,-12.836181789,-156.85374708
4841149.5655,-16.8860628,-169.24665925
5205394.5159,-21.166180139,-174.439007
5597045.0199,-22.508867683,-178.44610644
6018163.0535,-28.02085125,-179.34387332
6470965.7346,-29.229676861,153.82507182
6957836.9955,-31.604129201,117.22274018
7481340.1339,-44.651355726,-88.562439718
8044231.3086,-36.342591016,155.36102277
8649474.0498,-32.492652996,-31.407271373
9300254.862,-34.868478506,120.48504672
10000000.0,-38.707731508,-118.47298716
5.0,47.529601043,-162.13460537
5.376197,49.001275105,-171.77374588
5.780698,50.329025681,178.42295412
6.215634,51.458779569,169.34964397
6.683295,52.493045009,160.41267021
7.186141,53.459621438,150.8387791
7.726822,54.270473,142.42975972
8.308183,55.031281798,133.64535858
8.933285,55.673499135,125.59112446
9.60542,56.241524059,117.93138482
10.328125,56.759472724,110.52106046
11.105207,57.199117329,103.59973606
11.940755,57.591200971,97.041385937
12.83917,57.945817926,90.842896928
13.805181,58.245463189,85.118551818
14.843874,58.528495309,79.515601556
15.960717,58.754736142,74.314221625
17.161591,58.971690014,69.517999628
18.452818,59.143541244,64.977580926
19.841196,59.312649139,60.662740749
21.334035,59.456494599,56.693232331
22.939194,59.579774001,52.86079325
24.665124,59.699815714,49.33740485
26.520912,59.816306161,45.970566684
28.516328,59.90299316,42.804925205
30.661878,59.971311625,39.988366839
32.968858,60.034183628,37.365933579
35.449413,60.111828173,34.792239198
38.116604,60.157392126,32.461751512
40.984473,60.209146756,29.937787925
44.068118,60.268177585,28.137294555
47.383775,60.298783619,26.130208278
50.948899,60.295198857,24.444457435
54.782261,60.337291035,22.632954349
58.904043,60.338852948,20.95858611
63.335945,60.390035037,19.759919563
68.1013,60.419372863,18.327202872
73.225198,60.411591929,16.961517707
78.734614,60.431628706,15.756910251
84.658555,60.437074413,14.640195108
91.02821,60.473521978,13.623046725
97.877114,60.461668158,12.753857209
105.241324,60.47915686,11.900676159
113.159613,60.463495137,10.928605182
121.673669,60.482091624,10.145336747
130.828317,60.456871343,9.5665175625
140.671754,60.505212667,8.8709094589
151.255806,60.497304271,8.0728853024
162.636194,60.50960875,7.7006426092
174.872836,60.531287591,6.9655569265
188.030155,60.510288737,6.4474848523
202.177421,60.523420929,6.1364798952
217.389119,60.523111949,5.5811004074
233.745336,60.532883177,5.0393209017
251.332183,60.528287456,4.6728175702
270.242253,60.519679112,4.2670577991
290.575105,60.520929592,4.0606774501
312.437787,60.51938938,3.6787687852
335.945403,60.51982797,3.4038282835
361.221717,60.527280911,3.1742366503
388.399805,60.547326658,2.795164459
417.622754,60.542527957,2.6496554764
449.044419,60.527793666,2.3292558753
482.830229,60.535033331,2.0095882294
519.158062,60.518666065,2.0123175425
558.219178,60.543448756,1.6715058189
600.219227,60.521580135,1.3013493304
645.379332,60.53867175,1.1538729124
693.937253,60.528794468,1.1041330473
746.148642,60.523756241,0.77621483981
802.288381,60.538538956,0.62402458161
862.652038,60.529684336,0.47286170259
927.557418,60.540871831,0.32052646068
997.346235,60.52570024,-0.0043147709183
1072.385919,60.544765559,-0.10231833058
1153.071539,60.535896508,-0.26097371731
1239.827893,60.54262161,-0.61163792749
1333.111739,60.533397477,-0.6490782823
1433.414201,60.523629141,-0.97263519147
1541.263354,60.553696037,-1.0683453689
1657.227009,60.551751583,-1.2028313394
1781.915693,60.525903291,-1.442606277
1915.985873,60.52341675,-1.723272557
2060.143406,60.524409426,-1.9503699501
2215.147258,60.516830993,-2.1389988265
2381.8135,60.528755954,-2.3735096234
2561.019601,60.547787306,-2.7217226215
2753.709054,60.515234326,-2.874278897
2960.896335,60.53807739,-3.2884396084
3183.672253,60.548292027,-3.5646072974
3423.209687,60.536602095,-4.0530075744
3680.769761,60.546099195,-3.9690723372
3957.708488,60.537523877,-4.5173896519
4255.483905,60.556785755,-5.0311350178
4575.663752,60.534677937,-5.1376846154
4919.933722,60.510706476,-5.6935508692
5290.106341,60.533488327,-6.2308566843
5688.130508,60.524803667,-6.5683823757
6116.101754,60.512758514,-7.112693417
6576.27328,60.486904862,-7.8869581283
7071.067812,60.51768056,-8.318788989
7603.090363,60.497033592,-8.999756739
8175.141946,60.525430187,-9.7700074284
8790.234319,60.500670348,-10.420618608
9451.605842,60.503883833,-11.237917752
10162.73853,60.508774979,-12.39430013
10927.376379,60.495786808,-13.131605804
11749.545084,60.496819805,-13.967541058
12633.573228,60.476196,-14.933067361
13584.115076,60.511060085,-16.145202709
14606.175075,60.509059241,-17.399248277
15705.134205,60.479336596,-18.905661325
16886.778307,60.476344545,-20.140062194
18157.328544,60.482467303,-21.574722844
19523.474155,60.486323809,-23.566005143
20992.407676,60.481521124,-25.26137736
22571.862801,60.463943954,-26.987135445
24270.155104,60.46960966,-29.044224211
26096.225818,60.44188028,-31.439569825
28059.688906,60.407501982,-33.947767998
30170.881683,60.446521264,-36.527940369
32440.919233,60.426743212,-39.175176232
34881.752935,60.423373974,-42.095465271
37506.233381,60.403202823,-45.457877343
40328.178031,60.369999301,-49.077154697
43362.443964,60.377552212,-53.025633445
46625.006097,60.323379275,-56.959061014
50133.041286,60.333104182,-61.957345797
53905.018765,60.252203902,-66.516677784
57960.797381,60.176316123,-72.56599279
62321.730148,60.107405042,-78.890490375
67010.776664,59.96682667,-85.409642818
72052.623996,59.816029971,-93.075057523
77473.816648,59.523056219,-101.37722578
83302.896316,59.144838787,-110.38998974
89570.552153,58.6722619,-119.90796414
96309.782347,58.026643673,-130.33887558
103556.06785,57.131511131,-140.99635019
111347.55916,56.024571754,-151.63605639
119725.27722,54.805987101,-161.90721043
128733.32936,53.362533185,-171.63640248
138419.14148,51.802219416,179.3603767
148833.70782,50.146767443,171.00371723
160031.85937,48.42834294,163.17786089
172072.55258,46.633664474,156.2785374
185019.17972,44.792059695,149.96569032
198939.90269,42.947510443,143.73914385
213908.01181,41.114542325,138.55773329
230002.31175,39.222465709,133.61788586
247307.53637,37.350015399,128.704487
265914.79485,35.493657331,124.34473938
285922.05138,33.568839882,120.1786348
307434.6409,31.717478393,116.01592287
330565.82369,29.822978034,112.36932669
355437.38166,27.962172979,108.36101412
382180.2595,26.042992577,104.79717044
410935.25411,24.201098746,101.31462961
441853.75584,22.29873502,98.063666021
475098.54558,20.421502645,94.391599296
510844.65171,18.524057043,90.937886744
549280.27165,16.614694692,87.746122071
590607.76269,14.782369336,83.947683028
635044.70733,12.911909692,80.456906208
682825.05883,11.006552877,77.182279442
734200.37296,9.1641924035,73.651923386
789441.13237,7.3095783287,69.437026421
848838.17065,5.3327391335,65.962383393
912704.20354,3.4012616516,61.050540827
981375.47527,1.7181322973,56.695537725
1055213.5289,-0.49775047205,50.928688633
1134607.1098,-2.2974141601,44.597238408
1219974.2121,-4.556379592,39.32351493
1311764.2798,-5.4175057816,33.611848856
1410460.5726,-8.2744636994,30.697742687
1516582.7104,-9.8070264763,25.556359835
1630689.409,-12.416035431,23.690416126
1753381.4214,-14.003196318,13.789659629
1885304.7013,-15.595260757,16.929951678
2027153.803,-17.577626661,4.5372237912
2179675.5391,-19.711574378,-13.019389142
2343672.9116,-21.140492103,5.2120250818
2520009.3399,-21.784426136,-30.509545913
2709613.2066,-30.150529202,-40.870233589
2913482.7452,-24.041792061,-43.203391449
3132691.2955,-27.302315469,-86.333901808
3368392.9548,-26.237587793,-27.447886106
3621828.6539,-25.26314076,-47.964035716
3894332.6905,-43.003488514,27.490435674
4187339.7539,-29.979611795,-80.267519014
4502392.4785,-28.409088102,-27.985392365
4841149.5655,-29.156038968,-115.4565169
5205394.5159,-29.915575637,20.565395725
5597045.0199,-45.355472646,-126.69565264
6018163.0535,-22.93013781,-135.82724348
6470965.7346,-24.648710346,-156.42917683
6957836.9955,-29.573094917,-125.44719576
7481340.1339,-35.408634946,-96.314272615
8044231.3086,-31.939956175,-89.355369193
8649474.0498,-38.646767248,-97.07268813
9300254.862,-35.853099455,-137.23339951
10000000.0,-52.624557922,-15.813693785
5.0,47.468827636,-161.32137278
5.376197,48.950068883,-171.02269705
5.780698,50.313807323,178.98531958
6.215634,51.454172765,169.89613861
6.683295,52.482767458,160.77962254
7.186141,53.456957391,151.19117323
7.726822,54.268591651,142.62017018
8.308183,55.021065947,134.07579968
8.933285,55.690299174,125.80761315
9.60542,56.255767537,118.18777142
10.328125,56.769144564,110.70217593
11.105207,57.206646004,103.75832169
11.940755,57.608781267,97.093379992
12.83917,57.942983499,90.93297658
13.805181,58.250190267,85.18503958
14.843874,58.518967202,79.591315838
15.960717,58.781173206,74.395103023
17.161591,58.979557408,69.657818831
18.452818,59.16417459,64.983370855
19.841196,59.323300072,60.697136545
21.334035,59.461580382,56.575648059
22.939194,59.58701163,52.828433236
24.665124,59.714110329,49.355203714
26.520912,59.796377506,45.915855658
28.516328,59.886850706,42.826798181
30.661878,59.985038068,39.981634898
32.968858,60.042216782,37.207042291
35.449413,60.126074509,34.645066863
38.116604,60.154995189,32.454448626
40.984473,60.215206413,30.145458885
44.068118,60.235634018,27.9741448
47.383775,60.254271866,25.939111302
50.948899,60.319927659,24.450577215
54.782261,60.358025865,22.714569033
58.904043,60.386477382,21.010462965
63.335945,60.398953339,19.45695848
68.1013,60.407386864,18.155327913
73.225198,60.401898932,16.902699915
78.734614,60.452334382,15.680664704
84.658555,60.438749454,14.484008558
91.02821,60.438950999,13.490655567
97.877114,60.480548703,12.586854064
105.241324,60.458992434,11.405746654
113.159613,60.476967686,10.701646995
121.673669,60.49555744,9.9322274601
130.828317,60.494007843,9.1213142848
140.671754,60.502391016,8.5294760312
151.255806,60.503387677,7.760709849
162.636194,60.517999636,7.1230529766
174.872836,60.522864811,6.5812215914
188.030155,60.523247858,5.9694475181
202.177421,60.526291871,5.5549034193
217.389119,60.511956395,4.9407774649
233.745336,60.507459832,4.6460112859
251.332183,60.519997607,4.152317347
270.242253,60.525071547,3.5973059344
290.575105,60.543065845,3.2943382509
312.437787,60.533702538,2.9233865271
335.945403,60.525621057,2.6558201768
361.221717,60.518688269,2.1940538242
388.399805,60.537408882,1.9164542843
417.622754,60.531901811,1.4956725703
449.044419,60.553717878,1.0690017873
482.830229,60.534867065,0.95938207875
519.158062,60.540818443,0.49225344912
558.219178,60.539340928,0.1864524991
600.219227,60.525945179,0.046919996237
645.379332,60.529087236,-0.35441069082
693.937253,60.532988021,-0.69456321256
746.148642,60.535993663,-1.0632710052
802.288381,60.53860891,-1.4465366066
862.652038,60.542552913,-1.6633997598
927.557418,60.549686985,-2.1458476362
997.346235,60.550391932,-2.4485808505
1072.385919,60.559302189,-2.7816331356
1153.071539,60.542459942,-3.1961699642
1239.827893,60.539287423,-3.560505308
1333.111739,60.546825101,-4.0030268756
1433.414201,60.538084898,-4.5206853336
1541.263354,60.527763214,-4.9256186085
1657.227009,60.53730442,-5.4027460755
1781.915693,60.525757739,-5.9769325534
1915.985873,60.55742624,-6.5194349951
2060.143406,60.539722172,-7.0778690337
2215.147258,60.519096794,-7.7468136479
2381.8135,60.530762178,-8.4004595095
2561.019601,60.527133402,-8.9596077725
2753.709054,60.517173576,-9.6953110129
2960.896335,60.515881194,-10.637310362
3183.672253,60.548042295,-11.227395721
3423.209687,60.525168605,-12.454919938
3680.769761,60.539214,-13.443643528
3957.708488,60.555109825,-14.358637287
4255.483905,60.492197965,-15.46887664
4575.663752,60.53254186,-16.546289946
4919.933722,60.523201929,-17.946725677
5290.106341,60.492931905,-19.620649066
5688.130508,60.499951436,-20.899365581
6116.101754,60.520047806,-22.564351578
6576.27328,60.486251162,-24.234023817
7071.067812,60.500054522,-26.205919284
7603.090363,60.491504399,-28.164830234
8175.141946,60.476791635,-30.221024727
8790.234319,60.480643433,-32.837229731
9451.605842,60.519199501,-35.198024992
10162.73853,60.457008712,-37.786535015
10927.376379,60.45181141,-40.73466588
11749.545084,60.429263449,-43.938202788
12633.573228,60.429597048,-47.483155188
13584.115076,60.402247805,-51.369030133
14606.175075,60.38819311,-55.533831538
15705.134205,60.388372969,-60.32610474
16886.778307,60.341705785,-65.213382696
18157.328544,60.252621629,-70.605635147
19523.474155,60.214169961,-76.562492186
20992.407676,60.049160811,-83.4933242
22571.862801,59.835155464,-90.737102727
24270.155104,59.604303108,-98.88912092
26096.225818,59.214104314,-107.85512847
28059.688906,58.66630962,-117.58176481
30170.881683,58.014374963,-127.17515212
32440.919233,57.124321035,-137.64632101
34881.752935,56.062628205,-147.66970489
37506.233381,54.797568105,-157.84559514
40328.178031,53.391907176,-167.25920291
43362.443964,51.831747345,-175.81051656
46625.006097,50.184369387,176.01995033
50133.041286,48.460354822,168.71373163
53905.018765,46.713564213,162.27664008
57960.797381,44.879436043,156.41836265
62321.730148,43.082958929,150.82728146
67010.776664,41.239335822,146.03709257
72052.623996,39.363112593,141.04831946
77473.816648,37.506975778,137.31680163
83302.896316,35.637757103,133.17118507
89570.552153,33.749314904,129.53800378
96309.782347,31.847054267,125.95395497
103556.06785,29.988648488,122.8180413
111347.55916,28.141202449,119.99855112
119725.27722,26.235190499,116.95107669
128733.32936,24.383713249,114.49391493
138419.14148,22.487584237,111.74451407
148833.70782,20.597632272,109.67763483
160031.85937,18.758084278,107.62531602
172072.55258,16.843130942,104.9896701
185019.17972,14.937934301,102.86859737
198939.90269,13.109613818,101.36495922
213908.01181,11.249660541,98.942757946
230002.31175,9.3716730352,97.155523478
247307.53637,7.4637515799,96.108200919
265914.79485,5.5443471731,93.098409662
285922.05138,3.5459539962,91.27473795
307434.6409,1.7084878508,89.102134467
330565.82369,-0.12510709658,86.181824471
355437.38166,-2.0425830638,85.701487789
382180.2595,-3.6846998924,82.958105582
410935.25411,-5.7407403552,84.432848928
441853.75584,-7.4442700235,78.828139238
475098.54558,-9.2019534533,74.992333246
510844.65171,-11.058261166,73.550122396
549280.27165,-12.111603336,70.314440978
590607.76269,-15.202664378,64.349289086
635044.70733,-15.812766447,62.345411332
682825.05883,-16.149369025,65.356822913
734200.37296,-20.010806393,69.7399192
789441.13237,-18.928660253,48.317311592
848838.17065,-19.111708052,50.756382819
912704.20354,-21.233489356,43.720825336
981375.47527,-23.328366834,20.277127245
1055213.5289,-25.319752333,6.6806995206
1134607.1098,-26.456860989,-3.0231235273
1219974.2121,-29.862599005,37.001464617
1311764.2798,-29.473974906,18.244396734
1410460.5726,-21.408801889,-8.9716106308
1516582.7104,-37.472313116,47.937948631
1630689.409,-27.860361837,-29.320301183
1753381.4214,-29.406476636,4.6191272029
1885304.7013,-27.445443097,3.6626850056
2027153.803,-32.304733155,-24.622274678
2179675.5391,-27.208733782,-31.156606279
2343672.9116,-32.757670822,31.01973013
2520009.3399,-31.20146671,-9.2172463652
2709613.2066,-25.319302124,-40.106816397
2913482.7452,-27.844898885,-37.085470778
3132691.2955,-23.756741149,-45.663214215
3368392.9548,-24.470888102,-41.645533316
3621828.6539,-33.242614442,-137.26165021
3894332.6905,-31.790626838,-122.18118413
4187339.7539,-26.916538571,-72.104740794
4502392.4785,-29.483640253,-75.921342383
4841149.5655,-39.558690937,-21.461801489
5205394.5159,-32.722652431,-115.79586195
5597045.0199,-34.014358283,-80.049255705
6018163.0535,-39.237277956,-15.403336617
6470965.7346,-29.242758819,-93.063140258
6957836.9955,-27.404799262,-72.361206085
7481340.1339,-26.217559919,-129.24033196
8044231.3086,-37.062023857,168.9968664
8649474.0498,-45.427964948,80.431876688
9300254.862,-30.709532619,-13.703822631
10000000.0,-35.946904418,-82.458938794
5.0,27.14727418,-161.51367774
5.376197,28.611872275,-171.01521434
5.780698,29.965654777,179.17800549
6.215634,31.105016624,170.05698213
6.683295,32.139784077,160.97296717
7.186141,33.128276008,151.44516448
7.726822,33.939103099,142.86797151
8.308183,34.696299574,134.15199098
8.933285,35.350169939,125.94311077
9.60542,35.916178261,118.27871207
10.328125,36.428757466,110.79105068
11.105207,36.867915326,103.87683782
11.940755,37.260783595,97.258065093
12.83917,37.610157229,90.947576141
13.805181,37.906645193,85.202060378
14.843874,38.179154329,79.633737017
15.960717,38.414821558,74.426996542
17.161591,38.623330508,69.587032502
18.452818,38.808938534,64.98234956
19.841196,38.972195424,60.651435385
21.334035,39.11546603,56.580111587
22.939194,39.243974433,52.803302904
24.665124,39.351292658,49.308050661
26.520912,39.449964473,45.976992548
28.516328,39.536774096,42.850676263
30.661878,39.611798551,39.971367311
32.968858,39.678253298,37.263522502
35.449413,39.73872833,34.753080542
38.116604,39.786943819,32.382773216
40.984473,39.834455538,30.152127139
44.068118,39.877162815,28.089922382
47.383775,39.909396265,26.154413528
50.948899,39.939670741,24.396881176
54.782261,39.963841537,22.733126169
58.904043,39.989113067,21.150187967
63.335945,40.011450395,19.690527845
68.1013,40.030677046,18.351334386
73.225198,40.047701459,17.085428994
78.734614,40.061334337,15.914250192
84.658555,40.071766464,14.816783962
91.02821,40.085113863,13.798282467
97.877114,40.093003974,12.840192628
105.241324,40.101419561,11.97064598
113.159613,40.109680532,11.113669471
121.673669,40.117583162,10.36298719
130.828317,40.121755028,9.6458225635
140.671754,40.12854939,8.9676622685
151.255806,40.13524841,8.3528921771
162.636194,40.13621155,7.7508427418
174.872836,40.140383767,7.235241662
188.030155,40.144085023,6.7322833446
202.177421,40.146830607,6.2495535427
217.389119,40.14973472,5.8421982083
233.745336,40.149074656,5.4294846506
251.332183,40.154568338,5.0436420235
270.242253,40.154402204,4.6968459203
290.575105,40.156431513,4.3719665684
312.437787,40.15917451,4.0609657075
335.945403,40.16027632,3.777159627
361.221717,40.16150437,3.5327675738
388.399805,40.159867383,3.2698082435
417.622754,40.16374361,3.0420046788
449.044419,40.163781395,2.8212846268
482.830229,40.164642052,2.6319473858
519.158062,40.166432907,2.4496925617
558.219178,40.166181864,2.2786349902
600.219227,40.169101555,2.1151710213
645.379332,40.166957283,1.9732751706
693.937253,40.167626833,1.8158516486
746.148642,40.167875979,1.6902156403
802.288381,40.168863633,1.5680761806
862.652038,40.170712955,1.4573649282
927.557418,40.167895873,1.351599162
997.346235,40.170259988,1.2528431505
1072.385919,40.168649139,1.1417409513
1153.071539,40.169342173,1.0733091044
1239.827893,40.168208069,0.99782089062
1333.111739,40.168881871,0.92010234627
1433.414201,40.169337311,0.84837652824
1541.263354,40.169099645,0.78983232894
1657.227009,40.167994316,0.72293067014
1781.915693,40.168990654,0.6715703402
1915.985873,40.168414132,0.61291562286
2060.143406,40.167848346,0.56326057449
2215.147258,40.169569109,0.52336020045
2381.8135,40.166886953,0.46959054042
2561.019601,40.167849148,0.43279689486
2753.709054,40.168888746,0.3857352479
2960.896335,40.169405385,0.36165093324
3183.672253,40.179329278,0.29799906523
3423.209687,40.184900061,0.28163298232
3680.769761,40.181809253,0.2529831917
3957.708488,40.182236386,0.22888568815
4255.483905,40.182793206,0.1811584329
4575.663752,40.178503263,0.14102340972
4919.933722,40.182674024,0.11733500381
5290.106341,40.184672748,0.082987976404
5688.130508,40.186934027,0.060412196118
6116.101754,40.185012385,0.050485761373
6576.27328,40.180289824,-0.0047262778738
7071.067812,40.185537676,-0.020154116336
7603.090363,40.177378296,-0.047992920881
8175.141946,40.181596119,-0.076680304483
8790.234319,40.181530757,-0.10865146299
9451.605842,40.184211145,-0.15236198124
10162.73853,40.180888382,-0.14328895578
10927.376379,40.180420243,-0.20003136425
11749.545084,40.182560507,-0.23664478655
12633.573228,40.178093446,-0.28317077251
13584.115076,40.181818507,-0.28777401749
14606.175075,40.179726754,-0.33475477698
15705.134205,40.180849371,-0.37598396873
16886.778307,40.183002688,-0.41184559163
18157.328544,40.183811932,-0.44917074282
19523.474155,40.181535275,-0.51541544807
20992.407676,40.176933072,-0.54947670014
22571.862801,40.181794187,-0.6011289721
24270.155104,40.183016653,-0.6556029853
26096.225818,40.181476218,-0.71509511112
28059.688906,40.183321459,-0.75682203308
30170.881683,40.183032276,-0.84505768648
32440.919233,40.181396719,-0.92418339186
34881.752935,40.180589322,-0.98805929394
37506.233381,40.181427354,-1.0730153276
40328.178031,40.182408892,-1.161684106
43362.443964,40.182093309,-1.2283940548
46625.006097,40.183093373,-1.3468735258
50133.041286,40.184548179,-1.4392301187
53905.018765,40.181205527,-1.5771234258
57960.797381,40.183988063,-1.6752829795
62321.730148,40.183978928,-1.8070701394
67010.776664,40.189612454,-1.9309315539
72052.623996,40.184150076,-2.0913047654
77473.816648,40.186142037,-2.2438050901
83302.896316,40.190210269,-2.4549398673
89570.552153,40.186368893,-2.6394993717
96309.782347,40.187049598,-2.825990087
103556.06785,40.192557595,-3.0509544699
111347.55916,40.190029069,-3.2751510177
119725.27722,40.188357951,-3.5180692319
128733.32936,40.190351815,-3.8103315583
138419.14148,40.18638737,-4.0920541376
148833.70782,40.193905986,-4.4054205091
160031.85937,40.196634233,-4.7503804163
172072.55258,40.193166304,-5.0938413429
185019.17972,40.188862826,-5.4728018907
198939.90269,40.198997309,-5.9366238524
213908.01181,40.200754466,-6.370092067
230002.31175,40.197075338,-6.8640319167
247307.53637,40.199485272,-7.4105348927
265914.79485,40.19727698,-7.9629039098
285922.05138,40.200567587,-8.5835117471
307434.6409,40.199776854,-9.2522007329
330565.82369,40.200295303,-9.9637032657
355437.38166,40.200051425,-10.759201183
382180.2595,40.202951892,-11.600077664
410935.25411,40.2016607,-12.460585122
441853.75584,40.200842332,-13.439268215
475098.54558,40.199725901,-14.480633507
510844.65171,40.194318519,-15.616522354
549280.27165,40.192686484,-16.821936069
590607.76269,40.190604519,-18.165522384
635044.70733,40.181619756,-19.570580565
682825.05883,40.177439846,-21.114296547
734200.37296,40.168363862,-22.792480629
789441.13237,40.151688798,-24.570568545
848838.17065,40.133635778,-26.56165857
912704.20354,40.112335925,-28.645521512
981375.47527,40.086218568,-30.958163507
1055213.5289,40.043791415,-33.464626415
1134607.1098,39.997613615,-36.166022752
1219974.2121,39.932270038,-39.103067762
1311764.2798,39.854009515,-42.281314613
1410460.5726,39.750746512,-45.721117715
1516582.7104,39.621662922,-49.38474745
1630689.409,39.455001564,-53.310642382
1753381.4214,39.254226159,-57.535422284
1885304.7013,39.009650632,-61.955251117
2027153.803,38.712754374,-66.631570367
2179675.5391,38.358868198,-71.42839027
2343672.9116,37.937943288,-76.419733267
2520009.3399,37.455392641,-81.476012324
2709613.2066,36.909398532,-86.554184035
2913482.7452,36.300606179,-91.551127571
3132691.2955,35.633855192,-96.491113371
3368392.9548,34.915800798,-101.31621518
3621828.6539,34.153582179,-105.91579554
3894332.6905,33.356487387,-110.38641562
4187339.7539,32.524953869,-114.62308146
4502392.4785,31.678698444,-118.70419792
4841149.5655,30.815539529,-122.60545333
5205394.5159,29.948237705,-126.33727837
5597045.0199,29.084821263,-129.87727665
6018163.0535,28.226267335,-133.34240497
6470965.7346,27.381577209,-136.68661238
6957836.9955,26.554728844,-139.98323557
7481340.1339,25.755902827,-143.24037314
8044231.3086,24.990380411,-146.45218763
8649474.0498,24.259480297,-149.71460285
9300254.862,23.580519435,-153.0734788
10000000.0,22.963325853,-156.55799841
5.0,27.092268405,-160.93050732
5.376197,28.57648645,-170.6415025
5.780698,29.941766683,179.47713554
6.215634,31.087231219,170.30914537
6.683295,32.125336027,161.1812244
7.186141,33.11912466,151.61639279
7.726822,33.933474556,143.00369733
8.308183,34.692063792,134.26340395
8.933285,35.348968424,126.04446864
9.60542,35.914012083,118.35110244
10.328125,36.426626123,110.8408122
11.105207,36.868312589,103.92188049
11.940755,37.26000681,97.273563143
12.83917,37.609900768,90.984444498
13.805181,37.908286494,85.229392993
14.843874,38.178825199,79.639987443
15.960717,38.418195018,74.440886577
17.161591,38.622112531,69.607908285
18.452818,38.808088116,64.988409348
19.841196,38.97184105,60.661555663
21.334035,39.118164635,56.598159466
22.939194,39.243117171,52.824269771
24.665124,39.352183725,49.309770147
26.520912,39.452109109,46.001714302
28.516328,39.539563328,42.848901832
30.661878,39.612506743,39.972471911
32.968858,39.678038321,37.262914565
35.449413,39.739688711,34.734908411
38.116604,39.790654358,32.38180175
40.984473,39.838001134,30.12936774
44.068118,39.876663369,28.123489992
47.383775,39.911226113,26.180792262
50.948899,39.941647063,24.380148269
54.782261,39.969259105,22.711992992
58.904043,39.991298474,21.129179479
63.335945,40.014727738,19.699135106
68.1013,40.03053944,18.344084023
73.225198,40.047871537,17.070755903
78.734614,40.060448508,15.901682106
84.658555,40.0738279,14.796095822
91.02821,40.082722875,13.783833556
97.877114,40.09678253,12.817729583
105.241324,40.103428524,11.917050394
113.159613,40.112356235,11.120690787
121.673669,40.116834119,10.342946833
130.828317,40.125384461,9.6251256237
140.671754,40.12854629,8.9466773694
151.255806,40.132290689,8.3287851855
162.636194,40.138178201,7.738170678
174.872836,40.141131022,7.1972258454
188.030155,40.145187916,6.7048581848
202.177421,40.147223375,6.2279063241
217.389119,40.149572397,5.783049388
233.745336,40.15210638,5.3834044951
251.332183,40.153757418,5.0048486565
270.242253,40.156458122,4.6433364118
290.575105,40.158504626,4.3164387701
312.437787,40.160954395,4.007654476
335.945403,40.161349229,3.7108168323
361.221717,40.161104977,3.4354659671
388.399805,40.163799407,3.1981674684
417.622754,40.163968697,2.9644991368
449.044419,40.16671795,2.7493227673
482.830229,40.163412629,2.5453741758
519.158062,40.166783589,2.3513620188
558.219178,40.167477619,2.1719965704
600.219227,40.16854051,1.9952555558
645.379332,40.169841396,1.855796704
693.937253,40.169283319,1.7068983372
746.148642,40.169550727,1.5564632209
802.288381,40.169378042,1.4189228979
862.652038,40.170067724,1.2914783724
927.557418,40.169403568,1.1758080422
997.346235,40.168920476,1.0704332147
1072.385919,40.170858506,0.96281866262
1153.071539,40.170415707,0.85128513429
1239.827893,40.169047498,0.75988678209
1333.111739,40.17074063,0.67093346886
1433.414201,40.169826105,0.58676883704
1541.263354,40.169825296,0.50195299503
1657.227009,40.169542566,0.41389252111
1781.915693,40.170314799,0.33144444766
1915.985873,40.170443976,0.24780701165
2060.143406,40.170004968,0.17498746622
2215.147258,40.169556699,0.092406807333
2381.8135,40.167867986,0.024279680129
2561.019601,40.169681214,-0.044894476673
2753.709054,40.170419681,-0.1185762979
2960.896335,40.16922957,-0.20696763236
3183.672253,40.181770317,-0.27859512993
3423.209687,40.183636481,-0.35102297185
3680.769761,40.185564219,-0.4814017046
3957.708488,40.182075919,-0.55559620884
4255.483905,40.180668007,-0.59555501868
4575.663752,40.183307052,-0.71690827361
4919.933722,40.183605888,-0.79439100614
5290.106341,40.181362649,-0.90012114125
5688.130508,40.181342153,-1.0251799218
6116.101754,40.18239515,-1.1511408412
6576.27328,40.181944858,-1.2565205744
7071.067812,40.179426972,-1.3643828942
7603.090363,40.183053709,-1.4830738989
8175.141946,40.184666351,-1.6413586286
8790.234319,40.182359463,-1.792736357
9451.605842,40.179500211,-1.9535899767
10162.73853,40.184100019,-2.0893313805
10927.376379,40.181398304,-2.2878192344
11749.545084,40.179488811,-2.4457520349
12633.573228,40.17810881,-2.6547326314
13584.115076,40.180295953,-2.8694968417
14606.175075,40.180906423,-3.0952640361
15705.134205,40.180871081,-3.3495460909
16886.778307,40.179702697,-3.5975477162
18157.328544,40.182550802,-3.8979814664
19523.474155,40.180821661,-4.1844931689
20992.407676,40.184341963,-4.520763753
22571.862801,40.179912645,-4.8557842971
24270.155104,40.182015735,-5.2444173438
26096.225818,40.181336817,-5.6487135186
28059.688906,40.180724488,-6.0654056046
30170.881683,40.182460905,-6.5212763728
32440.919233,40.182607133,-7.018662261
34881.752935,40.185393861,-7.5637361841
37506.233381,40.182365072,-8.1554477402
40328.178031,40.182707243,-8.7785826474
43362.443964,40.184502423,-9.4520506023
46625.006097,40.189348077,-10.141002647
50133.041286,40.183269314,-10.920518742
53905.018765,40.185450611,-11.753770707
57960.797381,40.187952815,-12.642109698
62321.730148,40.187253731,-13.594893036
67010.776664,40.188962217,-14.615743221
72052.623996,40.182518216,-15.719619687
77473.816648,40.184325093,-16.941464839
83302.896316,40.185884209,-18.200527494
89570.552153,40.189622954,-19.585829777
96309.782347,40.188817497,-21.083758698
103556.06785,40.187278366,-22.673156185
111347.55916,40.191863155,-24.387219073
119725.27722,40.188399427,-26.248302827
128733.32936,40.190126428,-28.236157378
138419.14148,40.188933785,-30.376473438
148833.70782,40.191515357,-32.694989998
160031.85937,40.190180958,-35.206334012
172072.55258,40.193125393,-37.903124956
185019.17972,40.18789158,-40.754903511
198939.90269,40.18984876,-43.907840989
213908.01181,40.195723782,-47.264600225
230002.31175,40.189616714,-50.999626116
247307.53637,40.189032067,-54.90836758
265914.79485,40.181894896,-59.138052391
285922.05138,40.186497061,-63.783889605
307434.6409,40.177104748,-68.780447603
330565.82369,40.170652576,-74.223122746
355437.38166,40.156141057,-80.167943375
382180.2595,40.143156355,-86.651041519
410935.25411,40.122884741,-93.72675599
441853.75584,40.089092545,-101.51434494
475098.54558,40.039961314,-110.0552164
510844.65171,39.96679306,-119.54663613
549280.27165,39.84197592,-130.0825868
590607.76269,39.65076154,-141.83366697
635044.70733,39.352113571,-154.92349717
682825.05883,38.884406266,-169.37597774
734200.37296,38.177938866,174.85145563
789441.13237,37.168939229,158.17626112
848838.17065,35.811540945,141.13780621
912704.20354,34.121241625,124.32986076
981375.47527,32.136797743,108.32865243
1055213.5289,29.938299477,93.336543735
1134607.1098,27.586776031,79.436089277
1219974.2121,25.126817575,66.481051147
1311764.2798,22.587532388,54.348417313
1410460.5726,19.992080513,42.911972183
1516582.7104,17.357562726,31.986037546
1630689.409,14.673688321,21.428247801
1753381.4214,11.932397428,11.277626281
1885304.7013,9.1454600481,1.3724465209
2027153.803,6.3075294168,-8.3030882132
2179675.5391,3.4237317914,-17.943217673
2343672.9116,0.42851634611,-27.229886685
2520009.3399,-2.593966978,-35.63286598
2709613.2066,-5.640502478,-44.816095769
2913482.7452,-8.7488140885,-53.157305046
3132691.2955,-11.984879408,-61.392742672
3368392.9548,-15.335201805,-69.326246041
3621828.6539,-18.334852482,-77.162591888
3894332.6905,-22.031450271,-83.132020429
4187339.7539,-24.665090429,-91.719679031
4502392.4785,-28.717659065,-94.232783705
4841149.5655,-32.013844062,-98.607255035
5205394.5159,-35.076111153,-105.2507653
5597045.0199,-39.654777419,-116.65371147
6018163.0535,-42.334990826,-102.72425933
6470965.7346,-44.196294658,-108.00993541
6957836.9955,-52.627315035,-137.23223334
7481340.1339,-58.707156209,-125.83135731
8044231.3086,-52.231389522,-103.92334314
8649474.0498,-57.435429398,42.659570137
9300254.862,-54.926183872,-131.97902621
10000000.0,-55.461896074,130.64072779
5.0,27.059101736,-160.58637112
5.376197,28.552184227,-170.33911911
5.780698,29.921004176,179.75094708
6.215634,31.07192945,170.56281495
6.683295,32.114594138,161.40969163
7.186141,33.106361323,151.81927042
7.726822,33.924643569,143.19954068
8.308183,34.686320757,134.45094168
8.933285,35.339869044,126.19664816
9.60542,35.909473988,118.48821318
10.328125,36.423450558,110.96883172
11.105207,36.863384178,104.02912807
11.940755,37.256300428,97.382955233
12.83917,37.606186802,91.069863336
13.805181,37.903287568,85.311790358
14.843874,38.173692731,79.712983394
15.960717,38.412467348,74.497059071
17.161591,38.617227896,69.654815689
18.452818,38.803993653,65.034358372
19.841196,38.967892089,60.698458321
21.334035,39.112608863,56.635944577
22.939194,39.238645688,52.840385565
24.665124,39.349088367,49.322767832
26.520912,39.445387071,46.001729252
28.516328,39.530250481,42.848930412
30.661878,39.607286307,39.971058356
32.968858,39.675470189,37.255035459
35.449413,39.73217367,34.734023563
38.116604,39.782130526,32.357742489
40.984473,39.829018745,30.133097612
44.068118,39.8681376,28.06026218
47.383775,39.906010517,26.149674712
50.948899,39.931546122,24.344963086
54.782261,39.960407166,22.665467188
58.904043,39.987168541,21.106616387
63.335945,40.006759738,19.640951946
68.1013,40.027140508,18.280875551
73.225198,40.041893804,17.008624082
78.734614,40.055353016,15.838099759
84.658555,40.067299309,14.713922924
91.02821,40.078403766,13.691736623
97.877114,40.088543127,12.731987643
105.241324,40.096765631,11.846163852
113.159613,40.104517833,10.991655663
121.673669,40.112076723,10.218017613
130.828317,40.117892408,9.4820825294
140.671754,40.123922679,8.8124534831
151.255806,40.127484115,8.1731102227
162.636194,40.12944801,7.5881595344
174.872836,40.13548757,7.0336891655
188.030155,40.138524139,6.5067769638
202.177421,40.141435285,6.0308891616
217.389119,40.144456963,5.5820616874
233.745336,40.146829772,5.1497168132
251.332183,40.149409361,4.7640245559
270.242253,40.151505369,4.3917392448
290.575105,40.153382455,4.0389614743
312.437787,40.153540072,3.6989866883
335.945403,40.156588071,3.3933825895
361.221717,40.157013738,3.110702773
388.399805,40.15676218,2.8203877169
417.622754,40.157012403,2.5507591721
449.044419,40.158047311,2.3010995953
482.830229,40.159439483,2.0757329336
519.158062,40.160743371,1.8337341824
558.219178,40.161725484,1.6293368667
600.219227,40.163157896,1.4220297327
645.379332,40.162995601,1.2093572319
693.937253,40.163058729,1.0254151764
746.148642,40.163707894,0.83174695842
802.288381,40.162529439,0.63515046048
862.652038,40.162890577,0.45081535582
927.557418,40.161956974,0.26459620676
997.346235,40.163821134,0.089872007877
1072.385919,40.164581943,-0.079072081699
1153.071539,40.162395987,-0.26197746834
1239.827893,40.163778555,-0.44317914242
1333.111739,40.162717582,-0.62113810886
1433.414201,40.162931318,-0.80790087718
1541.263354,40.163310026,-1.0015716638
1657.227009,40.164758272,-1.1899628499
1781.915693,40.162078137,-1.3933857371
1915.985873,40.162078536,-1.5976486535
2060.143406,40.163285787,-1.818314067
2215.147258,40.163399555,-2.0366513604
2381.8135,40.161288466,-2.2692902434
2561.019601,40.162818612,-2.5256262308
2753.709054,40.161203702,-2.7895991424
2960.896335,40.161671053,-3.0581081908
3183.672253,40.171145074,-3.3609685393
3423.209687,40.172916553,-3.6765072901
3680.769761,40.172962259,-4.0020803597
3957.708488,40.17341699,-4.3575168003
4255.483905,40.17022154,-4.7366898298
4575.663752,40.172536747,-5.1315830808
4919.933722,40.172529333,-5.5603855557
5290.106341,40.171663551,-6.0189611534
5688.130508,40.171723222,-6.4869629846
6116.101754,40.171892275,-7.0152328767
6576.27328,40.165922332,-7.5661215453
7071.067812,40.167666143,-8.1835879775
7603.090363,40.167828453,-8.7939699983
8175.141946,40.165108862,-9.4938958696
8790.234319,40.163343737,-10.237782912
9451.605842,40.162662994,-11.04580934
10162.73853,40.161147292,-11.862603992
10927.376379,40.162501385,-12.787683704
11749.545084,40.157517725,-13.749436095
12633.573228,40.154804563,-14.790608911
13584.115076,40.156758606,-15.942201068
14606.175075,40.151231842,-17.142396333
15705.134205,40.153494196,-18.462248107
16886.778307,40.146055789,-19.851867619
18157.328544,40.144214436,-21.373388201
19523.474155,40.133756492,-23.012742919
20992.407676,40.133669362,-24.788145455
22571.862801,40.128134379,-26.639063165
24270.155104,40.121396715,-28.707334039
26096.225818,40.119414106,-30.869770864
28059.688906,40.107910412,-33.261439456
30170.881683,40.099884043,-35.816551934
32440.919233,40.09114879,-38.62332978
34881.752935,40.082225978,-41.616886468
37506.233381,40.06393041,-44.86447443
40328.178031,40.049053265,-48.405594227
43362.443964,40.025892333,-52.251700199
46625.006097,40.002149746,-56.470960486
50133.041286,39.96784911,-61.072887208
53905.018765,39.919633171,-66.151906212
57960.797381,39.859339673,-71.685882069
62321.730148,39.761287366,-77.818462895
67010.776664,39.635975334,-84.580458583
72052.623996,39.452363288,-92.034538773
77473.816648,39.190563855,-100.27065399
83302.896316,38.820833511,-109.19523518
89570.552153,38.315570831,-118.81638048
96309.782347,37.642978076,-128.97776267
103556.06785,36.773778934,-139.3964665
111347.55916,35.706522144,-149.82195734
119725.27722,34.446451807,-159.97419914
128733.32936,33.028586507,-169.51419244
138419.14148,31.468000283,-178.48846868
148833.70782,29.805378495,173.3247914
160031.85937,28.076300902,165.83232286
172072.55258,26.29223891,158.97570968
185019.17972,24.470334787,152.77119648
198939.90269,22.627925658,147.09845433
213908.01181,20.779621808,141.85605927
230002.31175,18.909949757,137.01004773
247307.53637,17.036977821,132.55094392
265914.79485,15.161112228,128.33443585
285922.05138,13.286624333,124.50604397
307434.6409,11.401865459,120.78492777
330565.82369,9.526781166,117.29607596
355437.38166,7.6371001654,114.04898099
382180.2595,5.7607603742,110.73047499
410935.25411,3.8820837663,107.65074323
441853.75584,1.9963796288,104.6398468
475098.54558,0.13417871842,101.94359945
510844.65171,-1.7715027979,98.920091363
549280.27165,-3.6835404308,95.964295408
590607.76269,-5.4805805909,93.17929529
635044.70733,-7.3927276301,90.534429885
682825.05883,-9.2455840465,87.880753066
734200.37296,-11.12883901,85.323584302
789441.13237,-13.184130701,82.551209047
848838.17065,-14.926089993,78.93200173
912704.20354,-16.810442475,74.831759866
981375.47527,-18.591139884,73.21990512
1055213.5289,-20.410618479,68.757453155
1134607.1098,-22.487412239,63.576446308
1219974.2121,-23.926284837,57.165865862
1311764.2798,-26.456318548,55.788611655
1410460.5726,-28.126378022,48.503954896
1516582.7104,-30.558810024,43.337540879
1630689.409,-32.819120393,47.945628972
1753381.4214,-33.768896383,38.322433367
1885304.7013,-35.699008288,42.869682567
2027153.803,-36.282857077,29.004010145
2179675.5391,-37.702438103,27.473862347
2343672.9116,-39.067549017,26.999245519
2520009.3399,-40.80181248,25.110266597
2709613.2066,-38.352591371,17.014426535
2913482.7452,-42.946310134,-9.7934023378
3132691.2955,-40.980513107,-17.079614977
3368392.9548,-42.155629909,-11.228598292
3621828.6539,-46.744385533,-38.910761749
3894332.6905,-47.066901805,-26.459756613
4187339.7539,-43.912271237,-33.274940708
4502392.4785,-48.013979246,-56.556069674
4841149.5655,-46.985881019,-6.3927358629
5205394.5159,-43.368809606,-21.540302325
5597045.0199,-45.922397535,4.8910110388
6018163.0535,-43.848837538,-28.984578531
6470965.7346,-45.218125618,-26.46975343
6957836.9955,-42.571060749,-63.185224625
7481340.1339,-47.999021433,-31.212549015
8044231.3086,-42.610008496,-64.09975032
8649474.0498,-46.70244414,-18.30303075
9300254.862,-46.836368861,-31.654976663
10000000.0,-42.973352251,-60.143924378
5.0,27.053661727,-160.44652508
5.376197,28.546822139,-170.20918617
5.780698,29.918432505,179.84455141
6.215634,31.069312409,170.65281782
6.683295,32.115081513,161.49152112
7.186141,33.109885268,151.90735205
7.726822,33.926645244,143.26791076
8.308183,34.68825007,134.49603101
8.933285,35.344724023,126.24908959
9.60542,35.912916102,118.53893139
10.328125,36.428466827,110.99246902
11.105207,36.868129436,104.06598581
11.940755,37.261138402,97.402924758
12.83917,37.611393748,91.083092352
13.805181,37.909175226,85.313955906
14.843874,38.179474344,79.716473456
15.960717,38.417182189,74.492125519
17.161591,38.622339045,69.640092652
18.452818,38.809442505,65.017183894
19.841196,38.97212449,60.675094537
21.334035,39.11586896,56.594863144
22.939194,39.243694285,52.798897194
24.665124,39.352560967,49.276780588
26.520912,39.45013001,45.968966447
28.516328,39.539139064,42.788758772
30.661878,39.612913083,39.894861032
32.968858,39.680337534,37.201549845
35.449413,39.738422881,34.639040561
38.116604,39.787799936,32.266406274
40.984473,39.832980672,30.030130804
44.068118,39.87404989,27.962487417
47.383775,39.908425491,26.037691149
50.948899,39.937124908,24.213049644
54.782261,39.966598539,22.516847893
58.904043,39.989449346,20.973706337
63.335945,40.010346225,19.467942823
68.1013,40.029885356,18.108665747
73.225198,40.046018463,16.832581852
78.734614,40.059130783,15.626004653
84.658555,40.074581891,14.498379988
91.02821,40.082974191,13.469791088
97.877114,40.09639905,12.48867516
105.241324,40.102757882,11.576777512
113.159613,40.109677667,10.723360183
121.673669,40.116075113,9.9258180129
130.828317,40.123495007,9.1646437481
140.671754,40.127794175,8.4632890434
151.255806,40.130751225,7.8146387422
162.636194,40.13629881,7.1824857575
174.872836,40.141301075,6.5898935764
188.030155,40.144399878,6.0392559224
202.177421,40.145992189,5.5320199847
217.389119,40.147807996,5.0411857309
233.745336,40.15499615,4.5679923821
251.332183,40.153743853,4.1381360895
270.242253,40.153824144,3.7176176016
290.575105,40.15689791,3.32178496
312.437787,40.159036634,2.9290024054
335.945403,40.15777851,2.5705126941
361.221717,40.159926651,2.2101540903
388.399805,40.161232686,1.8634671597
417.622754,40.160495656,1.518139147
449.044419,40.163182581,1.1932767769
482.830229,40.165899117,0.87866158007
519.158062,40.163202569,0.56227127695
558.219178,40.164592449,0.24515606027
600.219227,40.162081757,-0.071899042603
645.379332,40.165520623,-0.3716778187
693.937253,40.167040398,-0.69492278449
746.148642,40.166966949,-1.0132201293
802.288381,40.166325184,-1.3446869748
862.652038,40.166982472,-1.671135834
927.557418,40.165795032,-2.0148033197
997.346235,40.165864466,-2.3605638938
1072.385919,40.167615255,-2.7291687476
1153.071539,40.167275973,-3.1146422806
1239.827893,40.166900677,-3.5185641965
1333.111739,40.165499634,-3.9310709191
1433.414201,40.164937732,-4.3687702853
1541.263354,40.164235581,-4.8189650299
1657.227009,40.164103252,-5.3060853137
1781.915693,40.165290632,-5.7929419832
1915.985873,40.162907047,-6.3621483057
2060.143406,40.162668679,-6.9258123346
2215.147258,40.164045162,-7.5240357265
2381.8135,40.162257799,-8.174753791
2561.019601,40.162720839,-8.8764717065
2753.709054,40.15944725,-9.6119334912
2960.896335,40.160264948,-10.404585451
3183.672253,40.17143124,-11.250734786
3423.209687,40.168950824,-12.149018587
3680.769761,40.172990645,-13.140032414
3957.708488,40.167042019,-14.17245536
4255.483905,40.166557669,-15.285280142
4575.663752,40.165384852,-16.487829568
4919.933722,40.165497581,-17.762316156
5290.106341,40.160592422,-19.184323712
5688.130508,40.162947527,-20.62365034
6116.101754,40.159253112,-22.250180065
6576.27328,40.155663484,-23.957155277
7071.067812,40.153556826,-25.809834295
7603.090363,40.15399544,-27.811258343
8175.141946,40.145123876,-30.014382568
8790.234319,40.141856805,-32.32216621
9451.605842,40.141610945,-34.850728123
10162.73853,40.131023907,-37.548796566
10927.376379,40.12293232,-40.540839124
11749.545084,40.115466459,-43.727807474
12633.573228,40.101214701,-47.231270335
13584.115076,40.088770557,-51.036830308
14606.175075,40.065885588,-55.209544364
15705.134205,40.031668593,-59.774730559
16886.778307,39.992607336,-64.779967713
18157.328544,39.924777443,-70.295950782
19523.474155,39.836108251,-76.40049688
20992.407676,39.707044658,-83.117474201
22571.862801,39.51883553,-90.521200812
24270.155104,39.251718041,-98.664524451
26096.225818,38.876047248,-107.52456631
28059.688906,38.351302733,-116.99451438
30170.881683,37.6658149,-126.96683479
32440.919233,36.787256555,-137.15085547
34881.752935,35.717107863,-147.33490276
37506.233381,34.457760998,-157.18800266
40328.178031,33.038726466,-166.46209769
43362.443964,31.490612757,-175.12204774
46625.006097,29.848708291,176.96538792
50133.041286,28.123316445,169.74560485
53905.018765,26.358092082,163.18461841
57960.797381,24.557225429,157.2280631
62321.730148,22.725015536,151.81602255
67010.776664,20.879815029,146.89577942
72052.623996,19.028042886,142.356466
77473.816648,17.164929086,138.16796355
83302.896316,15.289672726,134.31313645
89570.552153,13.421083128,130.84231543
96309.782347,11.545797863,127.57035858
103556.06785,9.6699866044,124.46124757
111347.55916,7.7892798033,121.68669809
119725.27722,5.9022875472,118.92199401
128733.32936,4.0444116023,116.45235993
138419.14148,2.1419582881,114.18224624
148833.70782,0.27045261417,111.88306395
160031.85937,-1.5997242496,109.83242644
172072.55258,-3.4901768266,107.79160865
185019.17972,-5.3793591798,105.81975781
198939.90269,-7.199012336,103.85121211
213908.01181,-9.1460129609,102.64527591
230002.31175,-10.965621732,100.94868179
247307.53637,-12.801242942,98.573008095
265914.79485,-14.619548041,96.712835016
285922.05138,-16.555274942,95.827971342
307434.6409,-18.469253445,94.760060177
330565.82369,-20.387130538,90.443200636
355437.38166,-22.525853532,91.627827755
382180.2595,-24.187916454,89.258295364
410935.25411,-25.649421636,88.814757347
441853.75584,-26.973339636,87.713652689
475098.54558,-28.923331566,91.085597715
510844.65171,-31.437840123,82.566862453
549280.27165,-33.564360194,74.777016857
590607.76269,-34.93526282,80.806640364
635044.70733,-37.87820504,78.208732098
682825.05883,-37.926769936,71.369383706
734200.37296,-37.275887545,74.69065093
789441.13237,-40.556876854,71.635524013
848838.17065,-41.409046131,73.566698739
912704.20354,-39.541820666,47.928998358
981375.47527,-40.968397861,48.14515393
1055213.5289,-40.746124195,37.150202269
1134607.1098,-43.258319228,46.188859937
1219974.2121,-40.167081751,3.6637597862
1311764.2798,-52.509532995,42.770599773
1410460.5726,-47.755785654,31.709508803
1516582.7104,-54.865649378,84.731485048
1630689.409,-47.689963301,83.003725841
1753381.4214,-52.700969017,-29.517332044
1885304.7013,-42.042438474,5.1571092914
2027153.803,-48.724042887,18.438112629
2179675.5391,-65.078474927,-91.753501007
2343672.9116,-49.246705405,73.131980712
2520009.3399,-46.591463208,36.458220288
2709613.2066,-45.520679585,21.00552589
2913482.7452,-44.282428363,-17.714752508
3132691.2955,-43.574898928,48.912223664
3368392.9548,-47.267049144,-24.654558064
3621828.6539,-47.158193755,12.46183425
3894332.6905,-45.833414084,-21.95055207
4187339.7539,-49.944295365,-11.090273904
4502392.4785,-52.201073682,-43.973512156
4841149.5655,-44.25648176,-34.818528301
5205394.5159,-58.408427385,43.033853387
5597045.0199,-54.374502033,-97.475242081
6018163.0535,-44.793488187,-54.164837025
6470965.7346,-40.237522183,-23.474081157
6957836.9955,-45.605869664,-52.947482379
7481340.1339,-48.343698565,-28.357960106
8044231.3086,-43.297303612,-26.23382099
8649474.0498,-47.538342217,-74.964122711
9300254.862,-46.487899423,-53.084176217
10000000.0,-44.669679474,-47.984484985
